#
# There is insufficient memory for the Java Runtime Environment to continue.
# Native memory allocation (mmap) failed to map 65536 bytes. Error detail: Failed to commit metaspace.
# Possible reasons:
#   The system is out of physical RAM or swap space
#   This process is running with CompressedOops enabled, and the Java Heap may be blocking the growth of the native heap
# Possible solutions:
#   Reduce memory load on the system
#   Increase physical memory or swap space
#   Check if swap backing store is full
#   Decrease Java heap size (-Xmx/-Xms)
#   Decrease number of Java threads
#   Decrease Java thread stack sizes (-Xss)
#   Set larger code cache with -XX:ReservedCodeCacheSize=
#   JVM is running with Unscaled Compressed Oops mode in which the Java heap is
#     placed in the first 4GB address space. The Java Heap base address is the
#     maximum limit for the native heap growth. Please use -XX:HeapBaseMinAddress
#     to set the Java Heap base and to place the Java Heap above 4GB virtual address.
# This output file may be truncated or incomplete.
#
#  Out of Memory Error (virtualSpaceNode.cpp:113), pid=14368, tid=8128
#
# JRE version: OpenJDK Runtime Environment (21.0.8) (build 21.0.8+-14196175-b1038.72)
# Java VM: OpenJDK 64-Bit Server VM (21.0.8+-14196175-b1038.72, mixed mode, tiered, compressed oops, compressed class ptrs, g1 gc, windows-amd64)
# No core dump will be written. Minidumps are not enabled by default on client versions of Windows
#

---------------  S U M M A R Y ------------

Command Line: --add-opens=java.base/java.lang=ALL-UNNAMED --add-opens=java.base/java.lang.invoke=ALL-UNNAMED --add-opens=java.base/java.util=ALL-UNNAMED --add-opens=java.prefs/java.util.prefs=ALL-UNNAMED --add-exports=jdk.compiler/com.sun.tools.javac.api=ALL-UNNAMED --add-exports=jdk.compiler/com.sun.tools.javac.util=ALL-UNNAMED --add-opens=java.base/java.util=ALL-UNNAMED --add-opens=java.prefs/java.util.prefs=ALL-UNNAMED --add-opens=java.base/java.nio.charset=ALL-UNNAMED --add-opens=java.base/java.net=ALL-UNNAMED --add-opens=java.base/java.util.concurrent.atomic=ALL-UNNAMED --add-opens=java.xml/javax.xml.namespace=ALL-UNNAMED -Xmx2048m -Dfile.encoding=UTF-8 -Duser.country=US -Duser.language=en -Duser.variant -javaagent:C:\Users\NOTEBOOK\.gradle\wrapper\dists\gradle-8.13-bin\5xuhj0ry160q40clulazy9h7d\gradle-8.13\lib\agents\gradle-instrumentation-agent-8.13.jar org.gradle.launcher.daemon.bootstrap.GradleDaemon 8.13

Host: Intel(R) Core(TM) i7-7500U CPU @ 2.70GHz, 4 cores, 7G,  Windows 10 , 64 bit Build 19041 (10.0.19041.5915)
Time: Mon Jan 26 08:27:06 2026 SE Asia Standard Time elapsed time: 45.231543 seconds (0d 0h 0m 45s)

---------------  T H R E A D  ---------------

Current thread (0x000001ed71a8fb90):  JavaThread "Daemon worker"        [_thread_in_vm, id=8128, stack(0x000000cbe5600000,0x000000cbe5700000) (1024K)]

Stack: [0x000000cbe5600000,0x000000cbe5700000]
Native frames: (J=compiled Java code, j=interpreted, Vv=VM code, C=native code)
V  [jvm.dll+0x6d68d9]
V  [jvm.dll+0x866693]
V  [jvm.dll+0x868c4e]
V  [jvm.dll+0x869333]
V  [jvm.dll+0x280566]
V  [jvm.dll+0x86155e]
V  [jvm.dll+0x679fd5]
V  [jvm.dll+0x1e45d1]
V  [jvm.dll+0x1e439e]
V  [jvm.dll+0x67c928]
V  [jvm.dll+0x67c762]
V  [jvm.dll+0x67a9ce]
V  [jvm.dll+0x6849f7]
V  [jvm.dll+0x21633c]
V  [jvm.dll+0x216885]
V  [jvm.dll+0x217266]
V  [jvm.dll+0x20c21a]
V  [jvm.dll+0x5b72a5]
V  [jvm.dll+0x7de6a3]
V  [jvm.dll+0x7de7eb]
V  [jvm.dll+0x472c28]
V  [jvm.dll+0x485e16]
C  [java.dll+0x1657]

Java frames: (J=compiled Java code, j=interpreted, Vv=VM code)
J 1839  java.lang.ClassLoader.defineClass0(Ljava/lang/ClassLoader;Ljava/lang/Class;Ljava/lang/String;[BIILjava/security/ProtectionDomain;ZILjava/lang/Object;)Ljava/lang/Class; java.base@21.0.8 (0 bytes) @ 0x000001ed650217b4 [0x000001ed650216c0+0x00000000000000f4]
J 2375 c1 java.lang.System$2.defineClass(Ljava/lang/ClassLoader;Ljava/lang/Class;Ljava/lang/String;[BLjava/security/ProtectionDomain;ZILjava/lang/Object;)Ljava/lang/Class; java.base@21.0.8 (21 bytes) @ 0x000001ed5d904174 [0x000001ed5d9040c0+0x00000000000000b4]
J 2594 c1 java.lang.invoke.MethodHandles$Lookup$ClassDefiner.defineClass(ZLjava/lang/Object;)Ljava/lang/Class; java.base@21.0.8 (213 bytes) @ 0x000001ed5d988c34 [0x000001ed5d988780+0x00000000000004b4]
J 9675 c1 java.lang.invoke.MethodHandles$Lookup.defineClass([B)Ljava/lang/Class; java.base@21.0.8 (40 bytes) @ 0x000001ed5e39e36c [0x000001ed5e39e020+0x000000000000034c]
j  org.gradle.internal.classloader.ClassLoaderUtils$LookupClassDefiner.defineDecoratorClass(Ljava/lang/Class;Ljava/lang/ClassLoader;Ljava/lang/String;[B)Ljava/lang/Class;+22
j  org.gradle.internal.classloader.ClassLoaderUtils.defineDecorator(Ljava/lang/Class;Ljava/lang/ClassLoader;Ljava/lang/String;[B)Ljava/lang/Class;+7
J 10116 c1 org.gradle.internal.instantiation.generator.AsmBackedClassGenerator$ClassBuilderImpl.generate()Ljava/lang/Class; (33 bytes) @ 0x000001ed5d4c9bd4 [0x000001ed5d4c9760+0x0000000000000474]
J 8990 c1 org.gradle.internal.instantiation.generator.AbstractClassGenerator.generateUnderLock(Ljava/lang/Class;)Lorg/gradle/internal/instantiation/generator/AbstractClassGenerator$GeneratedClassImpl; (720 bytes) @ 0x000001ed5e28770c [0x000001ed5e2829e0+0x0000000000004d2c]
J 9866 c1 org.gradle.internal.instantiation.generator.AbstractClassGenerator$$Lambda+0x00000001002b3268.apply(Ljava/lang/Object;)Ljava/lang/Object; (12 bytes) @ 0x000001ed5e3ffc9c [0x000001ed5e3ffb40+0x000000000000015c]
J 11267 c2 org.gradle.cache.internal.DefaultCrossBuildInMemoryCacheFactory$AbstractCrossBuildInMemoryCache.get(Ljava/lang/Object;Ljava/util/function/Function;)Ljava/lang/Object; (65 bytes) @ 0x000001ed654ab008 [0x000001ed654aadc0+0x0000000000000248]
J 11221 c1 org.gradle.internal.instantiation.generator.Jsr330ConstructorSelector$$Lambda+0x00000001002cd2f0.get()Ljava/lang/Object; (12 bytes) @ 0x000001ed5e603b2c [0x000001ed5e6037a0+0x000000000000038c]
J 8091 c1 org.gradle.cache.Cache$$Lambda+0x000000010020ce88.apply(Ljava/lang/Object;)Ljava/lang/Object; (9 bytes) @ 0x000001ed5e12c4fc [0x000001ed5e12c3c0+0x000000000000013c]
J 11267 c2 org.gradle.cache.internal.DefaultCrossBuildInMemoryCacheFactory$AbstractCrossBuildInMemoryCache.get(Ljava/lang/Object;Ljava/util/function/Function;)Ljava/lang/Object; (65 bytes) @ 0x000001ed654ab008 [0x000001ed654aadc0+0x0000000000000248]
J 6425 c1 org.gradle.cache.Cache.get(Ljava/lang/Object;Ljava/util/function/Supplier;)Ljava/lang/Object; (14 bytes) @ 0x000001ed5deb6bb4 [0x000001ed5deb66a0+0x0000000000000514]
J 9087 c1 org.gradle.internal.instantiation.generator.Jsr330ConstructorSelector.forType(Ljava/lang/Class;)Lorg/gradle/internal/instantiation/generator/ClassGenerator$GeneratedConstructor; (32 bytes) @ 0x000001ed5e2b6bcc [0x000001ed5e2b6740+0x000000000000048c]
J 8921 c1 org.gradle.internal.instantiation.generator.Jsr330ConstructorSelector.forParams(Ljava/lang/Class;[Ljava/lang/Object;)Lorg/gradle/internal/instantiation/generator/ClassGenerator$GeneratedConstructor; (6 bytes) @ 0x000001ed5e25ea54 [0x000001ed5e25e9c0+0x0000000000000094]
J 5615 c1 org.gradle.internal.instantiation.generator.DependencyInjectingInstantiator.doCreate(Ljava/lang/Class;Lorg/gradle/api/Describable;[Ljava/lang/Object;)Ljava/lang/Object; (64 bytes) @ 0x000001ed5dd7b844 [0x000001ed5dd7b720+0x0000000000000124]
j  org.gradle.internal.instantiation.generator.DependencyInjectingInstantiator.newInstanceWithDisplayName(Ljava/lang/Class;Lorg/gradle/api/Describable;[Ljava/lang/Object;)Ljava/lang/Object;+4
j  org.gradle.api.internal.project.taskfactory.TaskFactory$1.call()Lorg/gradle/api/Task;+31
j  org.gradle.api.internal.project.taskfactory.TaskFactory$1.call()Ljava/lang/Object;+1
j  org.gradle.internal.UncheckedException.uncheckedCall(Ljava/util/concurrent/Callable;)Ljava/lang/Object;+1
j  org.gradle.api.internal.AbstractTask.injectIntoNewInstance(Lorg/gradle/api/internal/project/ProjectInternal;Lorg/gradle/api/internal/project/taskfactory/TaskIdentity;Ljava/util/concurrent/Callable;)Lorg/gradle/api/Task;+17
j  org.gradle.api.internal.project.taskfactory.TaskFactory.create(Lorg/gradle/api/internal/project/taskfactory/TaskIdentity;[Ljava/lang/Object;)Lorg/gradle/api/Task;+221
j  org.gradle.api.internal.project.taskfactory.AnnotationProcessingTaskFactory.create(Lorg/gradle/api/internal/project/taskfactory/TaskIdentity;[Ljava/lang/Object;)Lorg/gradle/api/Task;+7
j  org.gradle.api.internal.tasks.DefaultTaskContainer.createTask(Lorg/gradle/api/internal/project/taskfactory/TaskIdentity;[Ljava/lang/Object;)Lorg/gradle/api/Task;+67
j  org.gradle.api.internal.tasks.DefaultTaskContainer.access$200(Lorg/gradle/api/internal/tasks/DefaultTaskContainer;Lorg/gradle/api/internal/project/taskfactory/TaskIdentity;[Ljava/lang/Object;)Lorg/gradle/api/Task;+3
j  org.gradle.api.internal.tasks.DefaultTaskContainer$TaskCreatingProvider.createDomainObject()Lorg/gradle/api/Task;+12
j  org.gradle.api.internal.tasks.DefaultTaskContainer$TaskCreatingProvider.createDomainObject()Ljava/lang/Object;+1
j  org.gradle.api.internal.DefaultNamedDomainObjectCollection$AbstractDomainObjectCreatingProvider.tryCreate()V+30
j  org.gradle.api.internal.tasks.DefaultTaskContainer$TaskCreatingProvider.access$1401(Lorg/gradle/api/internal/tasks/DefaultTaskContainer$TaskCreatingProvider;)V+1
j  org.gradle.api.internal.tasks.DefaultTaskContainer$TaskCreatingProvider$1.run(Lorg/gradle/internal/operations/BuildOperationContext;)V+4
J 10318 c1 org.gradle.internal.operations.DefaultBuildOperationRunner$1.execute(Lorg/gradle/internal/operations/BuildOperation;Lorg/gradle/internal/operations/BuildOperationContext;)V (10 bytes) @ 0x000001ed5e4811ac [0x000001ed5e480f60+0x000000000000024c]
J 7630 c1 org.gradle.internal.operations.DefaultBuildOperationRunner$2.execute(Lorg/gradle/internal/operations/BuildOperationDescriptor;Lorg/gradle/internal/operations/BuildOperationState;Lorg/gradle/internal/operations/BuildOperationState;Lorg/gradle/internal/operations/DefaultBuildOperationRunner$ReadableBuildOperationContext;Lorg/gradle/internal/operations/DefaultBuildOperationRunner$BuildOperationExecutionListener;)Lorg/gradle/internal/operations/BuildOperation; (110 bytes) @ 0x000001ed5e04cc34 [0x000001ed5e04ca40+0x00000000000001f4]
J 7838 c1 org.gradle.internal.operations.DefaultBuildOperationRunner$2.execute(Lorg/gradle/internal/operations/BuildOperationDescriptor;Lorg/gradle/internal/operations/BuildOperationState;Lorg/gradle/internal/operations/BuildOperationState;Lorg/gradle/internal/operations/DefaultBuildOperationRunner$ReadableBuildOperationContext;Lorg/gradle/internal/operations/DefaultBuildOperationRunner$BuildOperationExecutionListener;)Ljava/lang/Object; (12 bytes) @ 0x000001ed5e0b213c [0x000001ed5e0b20c0+0x000000000000007c]
J 7423 c1 org.gradle.internal.operations.DefaultBuildOperationRunner.execute(Lorg/gradle/internal/operations/BuildOperationDescriptor$Builder;Lorg/gradle/internal/operations/BuildOperationState;Lorg/gradle/internal/operations/DefaultBuildOperationRunner$BuildOperationExecution;)Ljava/lang/Object; (147 bytes) @ 0x000001ed5dfebeec [0x000001ed5dfeb400+0x0000000000000aec]
J 7613 c1 org.gradle.internal.operations.DefaultBuildOperationRunner.execute(Lorg/gradle/internal/operations/BuildOperation;Lorg/gradle/internal/operations/BuildOperationWorker;Lorg/gradle/internal/operations/BuildOperationState;)V (23 bytes) @ 0x000001ed5e046f7c [0x000001ed5e046ce0+0x000000000000029c]
J 10317 c1 org.gradle.internal.operations.DefaultBuildOperationRunner.run(Lorg/gradle/internal/operations/RunnableBuildOperation;)V (13 bytes) @ 0x000001ed5e480aa4 [0x000001ed5e480700+0x00000000000003a4]
j  org.gradle.api.internal.tasks.DefaultTaskContainer$TaskCreatingProvider.tryCreate()V+15
j  org.gradle.api.internal.DefaultNamedDomainObjectCollection$AbstractDomainObjectCreatingProvider.calculateOwnValue(Lorg/gradle/api/internal/provider/ValueSupplier$ValueConsumer;)Lorg/gradle/api/internal/provider/ValueSupplier$Value;+60
J 9242 c1 org.gradle.api.internal.provider.AbstractMinimalProvider.calculateValue(Lorg/gradle/api/internal/provider/ValueSupplier$ValueConsumer;)Lorg/gradle/api/internal/provider/ValueSupplier$Value; (15 bytes) @ 0x000001ed5e2f8b6c [0x000001ed5e2f8a60+0x000000000000010c]
j  org.gradle.api.internal.provider.FlatMapProvider.backingProvider(Lorg/gradle/internal/evaluation/EvaluationScopeContext;Lorg/gradle/api/internal/provider/ValueSupplier$ValueConsumer;)Lorg/gradle/api/internal/provider/ProviderInternal;+5
j  org.gradle.api.internal.provider.FlatMapProvider.getProducer()Lorg/gradle/api/internal/provider/ValueSupplier$ValueProducer;+10
j  org.gradle.api.internal.provider.TransformBackedProvider.getProducer()Lorg/gradle/api/internal/provider/ValueSupplier$ValueProducer;+9
j  org.gradle.api.internal.provider.AbstractProperty.getProducer()Lorg/gradle/api/internal/provider/ValueSupplier$ValueProducer;+24
j  org.gradle.api.internal.provider.AbstractProperty.getProducer()Lorg/gradle/api/internal/provider/ValueSupplier$ValueProducer;+24
j  org.gradle.api.internal.provider.AbstractProperty.getProducer()Lorg/gradle/api/internal/provider/ValueSupplier$ValueProducer;+24
j  org.gradle.api.internal.file.collections.ProviderBackedFileCollection.visitDependencies(Lorg/gradle/api/internal/tasks/TaskDependencyResolveContext;)V+4
j  org.gradle.api.internal.tasks.CachingTaskDependencyResolveContext$TaskGraphImpl.getNodeValues(Ljava/lang/Object;Ljava/util/Collection;Ljava/util/Collection;)V+31
j  org.gradle.internal.graph.CachingDirectedGraphWalker$GraphWithEmptyEdges.getNodeValues(Ljava/lang/Object;Ljava/util/Collection;Ljava/util/Collection;)V+7
j  org.gradle.internal.graph.CachingDirectedGraphWalker.doSearch()Ljava/util/Set;+174
j  org.gradle.internal.graph.CachingDirectedGraphWalker.findValues()Ljava/util/Set;+1
j  org.gradle.api.internal.tasks.CachingTaskDependencyResolveContext.getDependencies(Lorg/gradle/api/Task;Ljava/lang/Object;)Ljava/util/Set;+40
j  org.gradle.execution.plan.TaskDependencyResolver.resolveDependenciesFor(Lorg/gradle/api/internal/TaskInternal;Ljava/lang/Object;)Ljava/util/Set;+6
j  org.gradle.execution.plan.LocalTaskNode.getDependencies(Lorg/gradle/execution/plan/TaskDependencyResolver;)Ljava/util/Set;+14
j  org.gradle.execution.plan.LocalTaskNode.resolveDependencies(Lorg/gradle/execution/plan/TaskDependencyResolver;)V+20
j  org.gradle.execution.plan.DefaultExecutionPlan.discoverNodeRelationships(Ljava/util/LinkedList;)V+115
j  org.gradle.execution.plan.DefaultExecutionPlan.doAddEntryNodes(Ljava/util/SortedSet;I)V+91
j  org.gradle.execution.plan.DefaultExecutionPlan.addEntryTasks(Ljava/util/Collection;I)V+63
j  org.gradle.execution.plan.DefaultExecutionPlan.addEntryTasks(Ljava/util/Collection;)V+13
j  org.gradle.execution.TaskNameResolvingBuildTaskScheduler.scheduleRequestedTasks(Lorg/gradle/api/internal/GradleInternal;Lorg/gradle/execution/EntryTaskSelector;Lorg/gradle/execution/plan/ExecutionPlan;)V+130
j  org.gradle.execution.DefaultTasksBuildTaskScheduler.scheduleRequestedTasks(Lorg/gradle/api/internal/GradleInternal;Lorg/gradle/execution/EntryTaskSelector;Lorg/gradle/execution/plan/ExecutionPlan;)V+184
j  org.gradle.initialization.DefaultTaskExecutionPreparer.lambda$scheduleRequestedTasks$0(Lorg/gradle/api/internal/GradleInternal;Lorg/gradle/execution/EntryTaskSelector;Lorg/gradle/execution/plan/ExecutionPlan;)V+7
j  org.gradle.initialization.DefaultTaskExecutionPreparer$$Lambda+0x0000000100fd0258.run()V+16
j  org.gradle.internal.Factories$1.create()Ljava/lang/Object;+4
j  org.gradle.internal.work.DefaultWorkerLeaseService.withReplacedLocks(Ljava/util/Collection;Lorg/gradle/internal/resources/ResourceLock;Lorg/gradle/internal/Factory;)Ljava/lang/Object;+40
j  org.gradle.api.internal.project.DefaultProjectStateRegistry$DefaultBuildProjectRegistry.withMutableStateOfAllProjects(Lorg/gradle/internal/Factory;)Ljava/lang/Object;+36
j  org.gradle.api.internal.project.DefaultProjectStateRegistry$DefaultBuildProjectRegistry.withMutableStateOfAllProjects(Ljava/lang/Runnable;)V+5
j  org.gradle.initialization.DefaultTaskExecutionPreparer.scheduleRequestedTasks(Lorg/gradle/api/internal/GradleInternal;Lorg/gradle/execution/EntryTaskSelector;Lorg/gradle/execution/plan/ExecutionPlan;)V+20
j  org.gradle.initialization.VintageBuildModelController.lambda$scheduleRequestedTasks$0(Lorg/gradle/execution/EntryTaskSelector;Lorg/gradle/execution/plan/ExecutionPlan;)V+10
j  org.gradle.initialization.VintageBuildModelController$$Lambda+0x0000000100fd0000.run()V+12
j  org.gradle.internal.model.StateTransitionController.lambda$inState$1(Ljava/lang/Runnable;)Ljava/lang/Object;+1
j  org.gradle.internal.model.StateTransitionController$$Lambda+0x0000000100506748.get()Ljava/lang/Object;+4
j  org.gradle.internal.model.StateTransitionController.lambda$inState$2(Lorg/gradle/internal/model/StateTransitionController$State;Ljava/util/function/Supplier;)Ljava/lang/Object;+11
j  org.gradle.internal.model.StateTransitionController$$Lambda+0x00000001005069a0.create()Ljava/lang/Object;+12
j  org.gradle.internal.work.DefaultSynchronizer.withLock(Lorg/gradle/internal/Factory;)Ljava/lang/Object;+6
j  org.gradle.internal.model.StateTransitionController.inState(Lorg/gradle/internal/model/StateTransitionController$State;Ljava/util/function/Supplier;)Ljava/lang/Object;+12
j  org.gradle.internal.model.StateTransitionController.inState(Lorg/gradle/internal/model/StateTransitionController$State;Ljava/lang/Runnable;)V+8
j  org.gradle.initialization.VintageBuildModelController.scheduleRequestedTasks(Lorg/gradle/execution/EntryTaskSelector;Lorg/gradle/execution/plan/ExecutionPlan;)V+15
j  org.gradle.internal.build.DefaultBuildLifecycleController$DefaultWorkGraphBuilder.addRequestedTasks(Lorg/gradle/execution/EntryTaskSelector;)V+12
j  org.gradle.internal.buildtree.DefaultBuildTreeWorkPreparer.lambda$scheduleRequestedTasks$0(Lorg/gradle/execution/EntryTaskSelector;Lorg/gradle/internal/build/BuildLifecycleController$WorkGraphBuilder;)V+2
j  org.gradle.internal.buildtree.DefaultBuildTreeWorkPreparer$$Lambda+0x0000000100fcab28.accept(Ljava/lang/Object;)V+8
j  org.gradle.internal.build.DefaultBuildLifecycleController.lambda$populateWorkGraph$7(Ljava/util/function/Consumer;Lorg/gradle/execution/plan/ExecutionPlan;)V+10
j  org.gradle.internal.build.DefaultBuildLifecycleController$$Lambda+0x0000000100fc9c28.accept(Ljava/lang/Object;)V+12
j  org.gradle.internal.build.DefaultBuildWorkPreparer.populateWorkGraph(Lorg/gradle/api/internal/GradleInternal;Lorg/gradle/execution/plan/ExecutionPlan;Ljava/util/function/Consumer;)V+2
j  org.gradle.internal.build.BuildOperationFiringBuildWorkPreparer$PopulateWorkGraph.populateTaskGraph()V+16
j  org.gradle.internal.build.BuildOperationFiringBuildWorkPreparer$PopulateWorkGraph.run(Lorg/gradle/internal/operations/BuildOperationContext;)V+1
J 10318 c1 org.gradle.internal.operations.DefaultBuildOperationRunner$1.execute(Lorg/gradle/internal/operations/BuildOperation;Lorg/gradle/internal/operations/BuildOperationContext;)V (10 bytes) @ 0x000001ed5e4811ac [0x000001ed5e480f60+0x000000000000024c]
J 7630 c1 org.gradle.internal.operations.DefaultBuildOperationRunner$2.execute(Lorg/gradle/internal/operations/BuildOperationDescriptor;Lorg/gradle/internal/operations/BuildOperationState;Lorg/gradle/internal/operations/BuildOperationState;Lorg/gradle/internal/operations/DefaultBuildOperationRunner$ReadableBuildOperationContext;Lorg/gradle/internal/operations/DefaultBuildOperationRunner$BuildOperationExecutionListener;)Lorg/gradle/internal/operations/BuildOperation; (110 bytes) @ 0x000001ed5e04cc34 [0x000001ed5e04ca40+0x00000000000001f4]
J 7838 c1 org.gradle.internal.operations.DefaultBuildOperationRunner$2.execute(Lorg/gradle/internal/operations/BuildOperationDescriptor;Lorg/gradle/internal/operations/BuildOperationState;Lorg/gradle/internal/operations/BuildOperationState;Lorg/gradle/internal/operations/DefaultBuildOperationRunner$ReadableBuildOperationContext;Lorg/gradle/internal/operations/DefaultBuildOperationRunner$BuildOperationExecutionListener;)Ljava/lang/Object; (12 bytes) @ 0x000001ed5e0b213c [0x000001ed5e0b20c0+0x000000000000007c]
J 7423 c1 org.gradle.internal.operations.DefaultBuildOperationRunner.execute(Lorg/gradle/internal/operations/BuildOperationDescriptor$Builder;Lorg/gradle/internal/operations/BuildOperationState;Lorg/gradle/internal/operations/DefaultBuildOperationRunner$BuildOperationExecution;)Ljava/lang/Object; (147 bytes) @ 0x000001ed5dfebeec [0x000001ed5dfeb400+0x0000000000000aec]
J 7613 c1 org.gradle.internal.operations.DefaultBuildOperationRunner.execute(Lorg/gradle/internal/operations/BuildOperation;Lorg/gradle/internal/operations/BuildOperationWorker;Lorg/gradle/internal/operations/BuildOperationState;)V (23 bytes) @ 0x000001ed5e046f7c [0x000001ed5e046ce0+0x000000000000029c]
J 10317 c1 org.gradle.internal.operations.DefaultBuildOperationRunner.run(Lorg/gradle/internal/operations/RunnableBuildOperation;)V (13 bytes) @ 0x000001ed5e480aa4 [0x000001ed5e480700+0x00000000000003a4]
j  org.gradle.internal.build.BuildOperationFiringBuildWorkPreparer.populateWorkGraph(Lorg/gradle/api/internal/GradleInternal;Lorg/gradle/execution/plan/ExecutionPlan;Ljava/util/function/Consumer;)V+22
j  org.gradle.internal.build.DefaultBuildLifecycleController.lambda$populateWorkGraph$8(Lorg/gradle/internal/build/DefaultBuildLifecycleController$DefaultBuildWorkPlan;Ljava/util/function/Consumer;)V+19
j  org.gradle.internal.build.DefaultBuildLifecycleController$$Lambda+0x0000000100fc99d0.run()V+12
j  org.gradle.internal.model.StateTransitionController.lambda$inState$1(Ljava/lang/Runnable;)Ljava/lang/Object;+1
j  org.gradle.internal.model.StateTransitionController$$Lambda+0x0000000100506748.get()Ljava/lang/Object;+4
j  org.gradle.internal.model.StateTransitionController.lambda$inState$2(Lorg/gradle/internal/model/StateTransitionController$State;Ljava/util/function/Supplier;)Ljava/lang/Object;+11
j  org.gradle.internal.model.StateTransitionController$$Lambda+0x00000001005069a0.create()Ljava/lang/Object;+12
j  org.gradle.internal.work.DefaultSynchronizer.withLock(Lorg/gradle/internal/Factory;)Ljava/lang/Object;+6
j  org.gradle.internal.model.StateTransitionController.inState(Lorg/gradle/internal/model/StateTransitionController$State;Ljava/util/function/Supplier;)Ljava/lang/Object;+12
j  org.gradle.internal.model.StateTransitionController.inState(Lorg/gradle/internal/model/StateTransitionController$State;Ljava/lang/Runnable;)V+8
j  org.gradle.internal.build.DefaultBuildLifecycleController.populateWorkGraph(Lorg/gradle/execution/plan/BuildWorkPlan;Ljava/util/function/Consumer;)V+27
j  org.gradle.internal.build.DefaultBuildWorkGraphController$DefaultBuildWorkGraph.populateWorkGraph(Ljava/util/function/Consumer;)V+26
j  org.gradle.composite.internal.DefaultBuildController.populateWorkGraph(Ljava/util/function/Consumer;)V+12
j  org.gradle.composite.internal.DefaultIncludedBuildTaskGraph$DefaultBuildTreeWorkGraphBuilder.withWorkGraph(Lorg/gradle/internal/build/BuildState;Ljava/util/function/Consumer;)V+6
j  org.gradle.internal.buildtree.DefaultBuildTreeWorkPreparer.lambda$scheduleRequestedTasks$1(Lorg/gradle/execution/EntryTaskSelector;Lorg/gradle/internal/buildtree/BuildTreeWorkGraph$Builder;)V+36
j  org.gradle.internal.buildtree.DefaultBuildTreeWorkPreparer$$Lambda+0x0000000100fca230.accept(Ljava/lang/Object;)V+12
j  org.gradle.composite.internal.DefaultIncludedBuildTaskGraph$DefaultBuildTreeWorkGraph$1.run(Lorg/gradle/internal/operations/BuildOperationContext;)V+40
J 10318 c1 org.gradle.internal.operations.DefaultBuildOperationRunner$1.execute(Lorg/gradle/internal/operations/BuildOperation;Lorg/gradle/internal/operations/BuildOperationContext;)V (10 bytes) @ 0x000001ed5e4811ac [0x000001ed5e480f60+0x000000000000024c]
J 7630 c1 org.gradle.internal.operations.DefaultBuildOperationRunner$2.execute(Lorg/gradle/internal/operations/BuildOperationDescriptor;Lorg/gradle/internal/operations/BuildOperationState;Lorg/gradle/internal/operations/BuildOperationState;Lorg/gradle/internal/operations/DefaultBuildOperationRunner$ReadableBuildOperationContext;Lorg/gradle/internal/operations/DefaultBuildOperationRunner$BuildOperationExecutionListener;)Lorg/gradle/internal/operations/BuildOperation; (110 bytes) @ 0x000001ed5e04cc34 [0x000001ed5e04ca40+0x00000000000001f4]
J 7838 c1 org.gradle.internal.operations.DefaultBuildOperationRunner$2.execute(Lorg/gradle/internal/operations/BuildOperationDescriptor;Lorg/gradle/internal/operations/BuildOperationState;Lorg/gradle/internal/operations/BuildOperationState;Lorg/gradle/internal/operations/DefaultBuildOperationRunner$ReadableBuildOperationContext;Lorg/gradle/internal/operations/DefaultBuildOperationRunner$BuildOperationExecutionListener;)Ljava/lang/Object; (12 bytes) @ 0x000001ed5e0b213c [0x000001ed5e0b20c0+0x000000000000007c]
J 7423 c1 org.gradle.internal.operations.DefaultBuildOperationRunner.execute(Lorg/gradle/internal/operations/BuildOperationDescriptor$Builder;Lorg/gradle/internal/operations/BuildOperationState;Lorg/gradle/internal/operations/DefaultBuildOperationRunner$BuildOperationExecution;)Ljava/lang/Object; (147 bytes) @ 0x000001ed5dfebeec [0x000001ed5dfeb400+0x0000000000000aec]
J 7613 c1 org.gradle.internal.operations.DefaultBuildOperationRunner.execute(Lorg/gradle/internal/operations/BuildOperation;Lorg/gradle/internal/operations/BuildOperationWorker;Lorg/gradle/internal/operations/BuildOperationState;)V (23 bytes) @ 0x000001ed5e046f7c [0x000001ed5e046ce0+0x000000000000029c]
J 10317 c1 org.gradle.internal.operations.DefaultBuildOperationRunner.run(Lorg/gradle/internal/operations/RunnableBuildOperation;)V (13 bytes) @ 0x000001ed5e480aa4 [0x000001ed5e480700+0x00000000000003a4]
j  org.gradle.composite.internal.DefaultIncludedBuildTaskGraph$DefaultBuildTreeWorkGraph.scheduleWork(Ljava/util/function/Consumer;)Lorg/gradle/internal/buildtree/BuildTreeWorkGraph$FinalizedGraph;+34
j  org.gradle.internal.buildtree.DefaultBuildTreeWorkPreparer.scheduleRequestedTasks(Lorg/gradle/internal/buildtree/BuildTreeWorkGraph;Lorg/gradle/execution/EntryTaskSelector;)Lorg/gradle/internal/buildtree/BuildTreeWorkGraph$FinalizedGraph;+17
j  org.gradle.internal.cc.impl.VintageBuildTreeWorkController$scheduleAndRunRequestedTasks$1.apply(Lorg/gradle/internal/buildtree/BuildTreeWorkGraph;)Lorg/gradle/internal/build/ExecutionResult;+18
j  org.gradle.internal.cc.impl.VintageBuildTreeWorkController$scheduleAndRunRequestedTasks$1.apply(Ljava/lang/Object;)Ljava/lang/Object;+5
j  org.gradle.composite.internal.DefaultIncludedBuildTaskGraph.withNewWorkGraph(Ljava/util/function/Function;)Ljava/lang/Object;+30
j  org.gradle.internal.cc.impl.VintageBuildTreeWorkController.scheduleAndRunRequestedTasks(Lorg/gradle/execution/EntryTaskSelector;)Lorg/gradle/internal/build/ExecutionResult;+16
j  org.gradle.internal.buildtree.DefaultBuildTreeLifecycleController.lambda$scheduleAndRunTasks$1(Lorg/gradle/execution/EntryTaskSelector;)Lorg/gradle/internal/build/ExecutionResult;+5
j  org.gradle.internal.buildtree.DefaultBuildTreeLifecycleController$$Lambda+0x0000000100507a78.get()Ljava/lang/Object;+8
j  org.gradle.internal.buildtree.DefaultBuildTreeLifecycleController.lambda$runBuild$4(Ljava/util/function/Supplier;)Ljava/lang/Object;+1
j  org.gradle.internal.buildtree.DefaultBuildTreeLifecycleController$$Lambda+0x0000000100507cd0.get()Ljava/lang/Object;+8
j  org.gradle.internal.model.StateTransitionController.lambda$transition$6(Ljava/util/function/Supplier;)Lorg/gradle/internal/build/ExecutionResult;+1
j  org.gradle.internal.model.StateTransitionController$$Lambda+0x0000000100508258.get()Ljava/lang/Object;+4
j  org.gradle.internal.model.StateTransitionController.doTransition(Lorg/gradle/internal/model/StateTransitionController$State;Lorg/gradle/internal/model/StateTransitionController$State;Ljava/util/function/Supplier;)Lorg/gradle/internal/build/ExecutionResult;+24
j  org.gradle.internal.model.StateTransitionController.lambda$transition$7(Lorg/gradle/internal/model/StateTransitionController$State;Lorg/gradle/internal/model/StateTransitionController$State;Ljava/util/function/Supplier;)Ljava/lang/Object;+9
j  org.gradle.internal.model.StateTransitionController$$Lambda+0x0000000100508000.create()Ljava/lang/Object;+16
j  org.gradle.internal.work.DefaultSynchronizer.withLock(Lorg/gradle/internal/Factory;)Ljava/lang/Object;+6
j  org.gradle.internal.model.StateTransitionController.transition(Lorg/gradle/internal/model/StateTransitionController$State;Lorg/gradle/internal/model/StateTransitionController$State;Ljava/util/function/Supplier;)Ljava/lang/Object;+13
j  org.gradle.internal.buildtree.DefaultBuildTreeLifecycleController.runBuild(Ljava/util/function/Supplier;)Ljava/lang/Object;+17
j  org.gradle.internal.buildtree.DefaultBuildTreeLifecycleController.scheduleAndRunTasks(Lorg/gradle/execution/EntryTaskSelector;)V+8
j  org.gradle.internal.buildtree.DefaultBuildTreeLifecycleController.scheduleAndRunTasks()V+2
j  org.gradle.tooling.internal.provider.runner.BuildModelActionRunner.run(Lorg/gradle/internal/invocation/BuildAction;Lorg/gradle/internal/buildtree/BuildTreeLifecycleController;)Lorg/gradle/internal/buildtree/BuildActionRunner$Result;+65
j  org.gradle.launcher.exec.ChainingBuildActionRunner.run(Lorg/gradle/internal/invocation/BuildAction;Lorg/gradle/internal/buildtree/BuildTreeLifecycleController;)Lorg/gradle/internal/buildtree/BuildActionRunner$Result;+34
j  org.gradle.internal.buildtree.ProblemReportingBuildActionRunner.run(Lorg/gradle/internal/invocation/BuildAction;Lorg/gradle/internal/buildtree/BuildTreeLifecycleController;)Lorg/gradle/internal/buildtree/BuildActionRunner$Result;+12
j  org.gradle.launcher.exec.BuildOutcomeReportingBuildActionRunner.run(Lorg/gradle/internal/invocation/BuildAction;Lorg/gradle/internal/buildtree/BuildTreeLifecycleController;)Lorg/gradle/internal/buildtree/BuildActionRunner$Result;+69
j  org.gradle.tooling.internal.provider.FileSystemWatchingBuildActionRunner.run(Lorg/gradle/internal/invocation/BuildAction;Lorg/gradle/internal/buildtree/BuildTreeLifecycleController;)Lorg/gradle/internal/buildtree/BuildActionRunner$Result;+317
j  org.gradle.launcher.exec.BuildCompletionNotifyingBuildActionRunner.run(Lorg/gradle/internal/invocation/BuildAction;Lorg/gradle/internal/buildtree/BuildTreeLifecycleController;)Lorg/gradle/internal/buildtree/BuildActionRunner$Result;+6
j  org.gradle.launcher.exec.RootBuildLifecycleBuildActionExecutor.lambda$execute$0(Lorg/gradle/internal/invocation/BuildAction;Lorg/gradle/internal/buildtree/BuildTreeLifecycleController;)Lorg/gradle/internal/buildtree/BuildActionRunner$Result;+6
j  org.gradle.launcher.exec.RootBuildLifecycleBuildActionExecutor$$Lambda+0x00000001004f0238.apply(Ljava/lang/Object;)Ljava/lang/Object;+12
j  org.gradle.composite.internal.DefaultRootBuildState.run(Ljava/util/function/Function;)Ljava/lang/Object;+87
j  org.gradle.launcher.exec.RootBuildLifecycleBuildActionExecutor.execute(Lorg/gradle/internal/invocation/BuildAction;Lorg/gradle/internal/buildtree/BuildTreeContext;)Lorg/gradle/internal/buildtree/BuildActionRunner$Result;+75
j  org.gradle.internal.buildtree.InitDeprecationLoggingActionExecutor.execute(Lorg/gradle/internal/invocation/BuildAction;Lorg/gradle/internal/buildtree/BuildTreeContext;)Lorg/gradle/internal/buildtree/BuildActionRunner$Result;+83
j  org.gradle.internal.buildtree.InitProblems.execute(Lorg/gradle/internal/invocation/BuildAction;Lorg/gradle/internal/buildtree/BuildTreeContext;)Lorg/gradle/internal/buildtree/BuildActionRunner$Result;+13
j  org.gradle.internal.buildtree.DefaultBuildTreeContext.execute(Lorg/gradle/internal/invocation/BuildAction;)Lorg/gradle/internal/buildtree/BuildActionRunner$Result;+64
j  org.gradle.launcher.exec.BuildTreeLifecycleBuildActionExecutor.lambda$execute$0(Lorg/gradle/internal/invocation/BuildAction;Lorg/gradle/internal/buildtree/BuildTreeContext;)Lorg/gradle/internal/buildtree/BuildActionRunner$Result;+2
j  org.gradle.launcher.exec.BuildTreeLifecycleBuildActionExecutor$$Lambda+0x00000001003dafe0.apply(Ljava/lang/Object;)Ljava/lang/Object;+8
j  org.gradle.internal.buildtree.BuildTreeState.run(Ljava/util/function/Function;)Ljava/lang/Object;+47
j  org.gradle.launcher.exec.BuildTreeLifecycleBuildActionExecutor.execute(Lorg/gradle/internal/invocation/BuildAction;Lorg/gradle/internal/session/BuildSessionContext;)Lorg/gradle/internal/buildtree/BuildActionRunner$Result;+74
j  org.gradle.launcher.exec.RunAsBuildOperationBuildActionExecutor$2.call(Lorg/gradle/internal/operations/BuildOperationContext;)Lorg/gradle/internal/buildtree/BuildActionRunner$Result;+25
j  org.gradle.launcher.exec.RunAsBuildOperationBuildActionExecutor$2.call(Lorg/gradle/internal/operations/BuildOperationContext;)Ljava/lang/Object;+2
j  org.gradle.internal.operations.DefaultBuildOperationRunner$CallableBuildOperationWorker.execute(Lorg/gradle/internal/operations/CallableBuildOperation;Lorg/gradle/internal/operations/BuildOperationContext;)V+3
j  org.gradle.internal.operations.DefaultBuildOperationRunner$CallableBuildOperationWorker.execute(Lorg/gradle/internal/operations/BuildOperation;Lorg/gradle/internal/operations/BuildOperationContext;)V+6
j  org.gradle.internal.operations.DefaultBuildOperationRunner$2.execute(Lorg/gradle/internal/operations/BuildOperationDescriptor;Lorg/gradle/internal/operations/BuildOperationState;Lorg/gradle/internal/operations/BuildOperationState;Lorg/gradle/internal/operations/DefaultBuildOperationRunner$ReadableBuildOperationContext;Lorg/gradle/internal/operations/DefaultBuildOperationRunner$BuildOperationExecutionListener;)Lorg/gradle/internal/operations/BuildOperation;+22
j  org.gradle.internal.operations.DefaultBuildOperationRunner$2.execute(Lorg/gradle/internal/operations/BuildOperationDescriptor;Lorg/gradle/internal/operations/BuildOperationState;Lorg/gradle/internal/operations/BuildOperationState;Lorg/gradle/internal/operations/DefaultBuildOperationRunner$ReadableBuildOperationContext;Lorg/gradle/internal/operations/DefaultBuildOperationRunner$BuildOperationExecutionListener;)Ljava/lang/Object;+8
j  org.gradle.internal.operations.DefaultBuildOperationRunner.execute(Lorg/gradle/internal/operations/BuildOperationDescriptor$Builder;Lorg/gradle/internal/operations/BuildOperationState;Lorg/gradle/internal/operations/DefaultBuildOperationRunner$BuildOperationExecution;)Ljava/lang/Object;+141
j  org.gradle.internal.operations.DefaultBuildOperationRunner.execute(Lorg/gradle/internal/operations/BuildOperation;Lorg/gradle/internal/operations/BuildOperationWorker;Lorg/gradle/internal/operations/BuildOperationState;)V+18
j  org.gradle.internal.operations.DefaultBuildOperationRunner.call(Lorg/gradle/internal/operations/CallableBuildOperation;)Ljava/lang/Object;+16
j  org.gradle.launcher.exec.RunAsBuildOperationBuildActionExecutor.execute(Lorg/gradle/internal/invocation/BuildAction;Lorg/gradle/internal/session/BuildSessionContext;)Lorg/gradle/internal/buildtree/BuildActionRunner$Result;+23
j  org.gradle.launcher.exec.RunAsWorkerThreadBuildActionExecutor.lambda$execute$0(Lorg/gradle/internal/invocation/BuildAction;Lorg/gradle/internal/session/BuildSessionContext;)Lorg/gradle/internal/buildtree/BuildActionRunner$Result;+6
j  org.gradle.launcher.exec.RunAsWorkerThreadBuildActionExecutor$$Lambda+0x00000001003a1d40.create()Ljava/lang/Object;+12
j  org.gradle.internal.work.DefaultWorkerLeaseService.withLocks(Ljava/util/Collection;Lorg/gradle/internal/Factory;)Ljava/lang/Object;+28
j  org.gradle.internal.work.DefaultWorkerLeaseService.runAsWorkerThread(Lorg/gradle/internal/Factory;)Ljava/lang/Object;+33
j  org.gradle.launcher.exec.RunAsWorkerThreadBuildActionExecutor.execute(Lorg/gradle/internal/invocation/BuildAction;Lorg/gradle/internal/session/BuildSessionContext;)Lorg/gradle/internal/buildtree/BuildActionRunner$Result;+12
j  org.gradle.tooling.internal.provider.continuous.ContinuousBuildActionExecutor.execute(Lorg/gradle/internal/invocation/BuildAction;Lorg/gradle/internal/session/BuildSessionContext;)Lorg/gradle/internal/buildtree/BuildActionRunner$Result;+58
j  org.gradle.tooling.internal.provider.SubscribableBuildActionExecutor.execute(Lorg/gradle/internal/invocation/BuildAction;Lorg/gradle/internal/session/BuildSessionContext;)Lorg/gradle/internal/buildtree/BuildActionRunner$Result;+30
j  org.gradle.internal.session.DefaultBuildSessionContext.execute(Lorg/gradle/internal/invocation/BuildAction;)Lorg/gradle/internal/buildtree/BuildActionRunner$Result;+64
j  org.gradle.internal.buildprocess.execution.BuildSessionLifecycleBuildActionExecutor$ActionImpl.apply(Lorg/gradle/internal/session/BuildSessionContext;)Lorg/gradle/launcher/exec/BuildActionResult;+6
j  org.gradle.internal.buildprocess.execution.BuildSessionLifecycleBuildActionExecutor$ActionImpl.apply(Ljava/lang/Object;)Ljava/lang/Object;+5
j  org.gradle.internal.session.BuildSessionState.run(Ljava/util/function/Function;)Ljava/lang/Object;+5
j  org.gradle.internal.buildprocess.execution.BuildSessionLifecycleBuildActionExecutor.execute(Lorg/gradle/internal/invocation/BuildAction;Lorg/gradle/launcher/exec/BuildActionParameters;Lorg/gradle/initialization/BuildRequestContext;)Lorg/gradle/launcher/exec/BuildActionResult;+95
j  org.gradle.internal.buildprocess.execution.BuildSessionLifecycleBuildActionExecutor.execute(Lorg/gradle/internal/invocation/BuildAction;Ljava/lang/Object;Ljava/lang/Object;)Lorg/gradle/launcher/exec/BuildActionResult;+10
j  org.gradle.internal.buildprocess.execution.StartParamsValidatingActionExecutor.execute(Lorg/gradle/internal/invocation/BuildAction;Lorg/gradle/launcher/exec/BuildActionParameters;Lorg/gradle/initialization/BuildRequestContext;)Lorg/gradle/launcher/exec/BuildActionResult;+203
j  org.gradle.internal.buildprocess.execution.StartParamsValidatingActionExecutor.execute(Lorg/gradle/internal/invocation/BuildAction;Ljava/lang/Object;Ljava/lang/Object;)Lorg/gradle/launcher/exec/BuildActionResult;+10
j  org.gradle.internal.buildprocess.execution.SessionFailureReportingActionExecutor.execute(Lorg/gradle/internal/invocation/BuildAction;Lorg/gradle/launcher/exec/BuildActionParameters;Lorg/gradle/initialization/BuildRequestContext;)Lorg/gradle/launcher/exec/BuildActionResult;+7
j  org.gradle.internal.buildprocess.execution.SessionFailureReportingActionExecutor.execute(Lorg/gradle/internal/invocation/BuildAction;Ljava/lang/Object;Ljava/lang/Object;)Lorg/gradle/launcher/exec/BuildActionResult;+10
j  org.gradle.internal.buildprocess.execution.SetupLoggingActionExecutor.execute(Lorg/gradle/internal/invocation/BuildAction;Lorg/gradle/launcher/exec/BuildActionParameters;Lorg/gradle/initialization/BuildRequestContext;)Lorg/gradle/launcher/exec/BuildActionResult;+50
j  org.gradle.internal.buildprocess.execution.SetupLoggingActionExecutor.execute(Lorg/gradle/internal/invocation/BuildAction;Ljava/lang/Object;Ljava/lang/Object;)Lorg/gradle/launcher/exec/BuildActionResult;+10
j  org.gradle.launcher.daemon.server.exec.ExecuteBuild.doBuild(Lorg/gradle/launcher/daemon/server/api/DaemonCommandExecution;Lorg/gradle/launcher/daemon/protocol/Build;)V+147
j  org.gradle.launcher.daemon.server.exec.BuildCommandOnly.execute(Lorg/gradle/launcher/daemon/server/api/DaemonCommandExecution;)V+49
j  org.gradle.launcher.daemon.server.api.DaemonCommandExecution.proceed()Z+23
j  org.gradle.launcher.daemon.server.exec.WatchForDisconnection.execute(Lorg/gradle/launcher/daemon/server/api/DaemonCommandExecution;)V+19
j  org.gradle.launcher.daemon.server.api.DaemonCommandExecution.proceed()Z+23
j  org.gradle.launcher.daemon.server.exec.ResetDeprecationLogger.execute(Lorg/gradle/launcher/daemon/server/api/DaemonCommandExecution;)V+7
j  org.gradle.launcher.daemon.server.api.DaemonCommandExecution.proceed()Z+23
j  org.gradle.launcher.daemon.server.exec.RequestStopIfSingleUsedDaemon.execute(Lorg/gradle/launcher/daemon/server/api/DaemonCommandExecution;)V+33
j  org.gradle.launcher.daemon.server.api.DaemonCommandExecution.proceed()Z+23
j  org.gradle.launcher.daemon.server.exec.ForwardClientInput.lambda$execute$0(Lorg/gradle/launcher/daemon/server/api/DaemonCommandExecution;Lorg/gradle/internal/daemon/clientinput/StdinHandler;)Ljava/lang/Object;+11
j  org.gradle.launcher.daemon.server.exec.ForwardClientInput$$Lambda+0x000000010028e7f8.apply(Ljava/lang/Object;)Ljava/lang/Object;+8
j  org.gradle.internal.daemon.clientinput.ClientInputForwarder.forwardInput(Ljava/util/function/Function;)Ljava/lang/Object;+46
j  org.gradle.launcher.daemon.server.exec.ForwardClientInput.execute(Lorg/gradle/launcher/daemon/server/api/DaemonCommandExecution;)V+10
j  org.gradle.launcher.daemon.server.api.DaemonCommandExecution.proceed()Z+23
j  org.gradle.launcher.daemon.server.exec.LogAndCheckHealth.execute(Lorg/gradle/launcher/daemon/server/api/DaemonCommandExecution;)V+51
j  org.gradle.launcher.daemon.server.api.DaemonCommandExecution.proceed()Z+23
j  org.gradle.launcher.daemon.server.exec.LogToClient.doBuild(Lorg/gradle/launcher/daemon/server/api/DaemonCommandExecution;Lorg/gradle/launcher/daemon/protocol/Build;)V+87
j  org.gradle.launcher.daemon.server.exec.BuildCommandOnly.execute(Lorg/gradle/launcher/daemon/server/api/DaemonCommandExecution;)V+49
j  org.gradle.launcher.daemon.server.api.DaemonCommandExecution.proceed()Z+23
j  org.gradle.launcher.daemon.server.exec.EstablishBuildEnvironment.doBuild(Lorg/gradle/launcher/daemon/server/api/DaemonCommandExecution;Lorg/gradle/launcher/daemon/protocol/Build;)V+356
j  org.gradle.launcher.daemon.server.exec.BuildCommandOnly.execute(Lorg/gradle/launcher/daemon/server/api/DaemonCommandExecution;)V+49
j  org.gradle.launcher.daemon.server.api.DaemonCommandExecution.proceed()Z+23
j  org.gradle.launcher.daemon.server.exec.StartBuildOrRespondWithBusy$1.run()V+44
j  org.gradle.launcher.daemon.server.DaemonStateCoordinator.lambda$runCommand$0(Ljava/lang/Runnable;)V+1
j  org.gradle.launcher.daemon.server.DaemonStateCoordinator$$Lambda+0x000000010028ad70.run()V+8
j  org.gradle.internal.concurrent.ExecutorPolicy$CatchAndRecordFailures.onExecute(Ljava/lang/Runnable;)V+1
j  org.gradle.internal.concurrent.AbstractManagedExecutor$1.run()V+25
j  java.util.concurrent.ThreadPoolExecutor.runWorker(Ljava/util/concurrent/ThreadPoolExecutor$Worker;)V+92 java.base@21.0.8
j  java.util.concurrent.ThreadPoolExecutor$Worker.run()V+5 java.base@21.0.8
j  java.lang.Thread.runWith(Ljava/lang/Object;Ljava/lang/Runnable;)V+5 java.base@21.0.8
j  java.lang.Thread.run()V+19 java.base@21.0.8
v  ~StubRoutines::call_stub 0x000001ed649a100d

Compiled method (n/a) 45290 1839     n 0       java.lang.ClassLoader::defineClass0 (native)
 total in heap  [0x000001ed65021510,0x000001ed65021b98] = 1672
 relocation     [0x000001ed65021670,0x000001ed650216a8] = 56
 main code      [0x000001ed650216c0,0x000001ed65021b92] = 1234
 stub code      [0x000001ed65021b92,0x000001ed65021b98] = 6

[Constant Pool (empty)]

[MachCode]
[Entry Point]
  # {method} {0x000001ed72025208} 'defineClass0' '(Ljava/lang/ClassLoader;Ljava/lang/Class;Ljava/lang/String;[BIILjava/security/ProtectionDomain;ZILjava/lang/Object;)Ljava/lang/Class;' in 'java/lang/ClassLoader'
  # parm0:    rdx:rdx   = 'java/lang/ClassLoader'
  # parm1:    r8:r8     = 'java/lang/Class'
  # parm2:    r9:r9     = 'java/lang/String'
  # parm3:    rdi:rdi   = '[B'
  # parm4:    rsi       = int
  # parm5:    rcx       = int
  # parm6:    [sp+0xb0]   = 'java/security/ProtectionDomain'  (sp of caller)
  # parm7:    [sp+0xb8]   = boolean
  # parm8:    [sp+0xc0]   = int
  # parm9:    [sp+0xc8]   = 'java/lang/Object'
  0x000001ed650216c0: 448b 5208 | 49c1 e203 | 493b c20f | 8407 0000 

  0x000001ed650216d0: ;   {runtime_call ic_miss_stub}
  0x000001ed650216d0: 00e9 aad0 | 9cff 6690 
[Verified Entry Point]
  0x000001ed650216d8: 8984 2400 | 80ff ff55 | 488b ec48 | 81ec a000 | 0000 6690 | 4181 7f20 | 1700 0000 

  0x000001ed650216f4: ;   {runtime_call StubRoutines (final stubs)}
  0x000001ed650216f4: 7405 e825 | 849b ff48 | 837d 2800 | 488d 4528 | 480f 4445 | 2848 8944 | 2458 4863 | 4520 4889 
  0x000001ed65021714: 4424 5048 | 6345 1848 | 8944 2448 | 4883 7d10 | 0048 8d45 | 1048 0f44 | 4510 4889 | 4424 4048 
  0x000001ed65021734: 894c 2438 | 4889 7424 | 3048 897c | 2478 4883 | ff00 488d | 4424 7848 | 0f44 4424 | 7848 8944 
  0x000001ed65021754: 2428 4c89 | 4c24 7049 | 83f9 0048 | 8d44 2470 | 480f 4444 | 2470 4889 | 4424 204c | 8944 2468 
  0x000001ed65021774: 4983 f800 | 4c8d 4c24 | 684c 0f44 | 4c24 6848 | 8954 2460 | 4883 fa00 | 4c8d 4424 | 604c 0f44 
  0x000001ed65021794: ;   {oop(a 'java/lang/Class'{0x000000008046ba58} = 'java/lang/ClassLoader')}
  0x000001ed65021794: 4424 6049 | be58 ba46 | 8000 0000 | 004c 89b4 | 2490 0000 | 004c 8db4 | 2490 0000 | 0049 8bd6 
  0x000001ed650217b4: ;   {internal_word}
  0x000001ed650217b4: c5f8 7749 | bab4 1702 | 65ed 0100 | 004d 8997 | a003 0000 | 4989 a798 

  0x000001ed650217cc: ;   {external_word}
  0x000001ed650217cc: 0300 0049 | ba18 fa93 | cffa 7f00 | 0041 803a | 000f 844e | 0000 0052 | 4150 4151 

  0x000001ed650217e8: ;   {metadata({method} {0x000001ed72025208} 'defineClass0' '(Ljava/lang/ClassLoader;Ljava/lang/Class;Ljava/lang/String;[BIILjava/security/ProtectionDomain;ZILjava/lang/Object;)Ljava/lang/Class;' in 'java/lang/ClassLoader')}
  0x000001ed650217e8: 48ba 0052 | 0272 ed01 | 0000 498b | cf48 83ec | 2040 f6c4 | 0f0f 8419 | 0000 0048 

  0x000001ed65021804: ;   {runtime_call}
  0x000001ed65021804: 83ec 0848 | b890 d74d | cffa 7f00 | 00ff d048 | 83c4 08e9 | 0c00 0000 

  0x000001ed6502181c: ;   {runtime_call}
  0x000001ed6502181c: 48b8 90d7 | 4dcf fa7f | 0000 ffd0 | 4883 c420 | 4159 4158 | 5a49 8d8f | b803 0000 | 41c7 8744 
  0x000001ed6502183c: 0400 0004 

  0x000001ed65021840: ;   {runtime_call}
  0x000001ed65021840: 0000 0048 | b81c 15c8 | 31fb 7f00 | 00ff d0c5 | f877 41c7 | 8744 0400 | 0005 0000 | 00f0 8344 
  0x000001ed65021860: 24c0 0049 | 3baf 4804 | 0000 0f87 | 0e00 0000 | 4183 bf40 | 0400 0000 | 0f84 2b00 | 0000 c5f8 
  0x000001ed65021880: 7748 8945 | f849 8bcf | 4c8b e448 | 83ec 2048 

  0x000001ed65021890: ;   {runtime_call}
  0x000001ed65021890: 83e4 f048 | b820 1419 | cffa 7f00 | 00ff d049 | 8be4 4d33 | e448 8b45 | f841 c787 | 4404 0000 
  0x000001ed650218b0: 0800 0000 | 4183 bfc0 | 0400 0002 | 0f84 a302 

  0x000001ed650218c0: ;   {external_word}
  0x000001ed650218c0: 0000 49ba | 18fa 93cf | fa7f 0000 | 4180 3a00 | 0f84 4c00 | 0000 4889 

  0x000001ed650218d8: ;   {metadata({method} {0x000001ed72025208} 'defineClass0' '(Ljava/lang/ClassLoader;Ljava/lang/Class;Ljava/lang/String;[BIILjava/security/ProtectionDomain;ZILjava/lang/Object;)Ljava/lang/Class;' in 'java/lang/ClassLoader')}
  0x000001ed650218d8: 45f8 48ba | 0052 0272 | ed01 0000 | 498b cf48 | 83ec 2040 | f6c4 0f0f | 8419 0000 | 0048 83ec 
  0x000001ed650218f8: ;   {runtime_call}
  0x000001ed650218f8: 0848 b890 | d74d cffa | 7f00 00ff | d048 83c4 | 08e9 0c00 

  0x000001ed6502190c: ;   {runtime_call}
  0x000001ed6502190c: 0000 48b8 | 90d7 4dcf | fa7f 0000 | ffd0 4883 | c420 488b | 45f8 49c7 | 8798 0300 | 0000 0000 
  0x000001ed6502192c: 0049 c787 | a003 0000 | 0000 0000 | c5f8 7748 | 85c0 0f84 | fe01 0000 | a803 0f85 | 0800 0000 
  0x000001ed6502194c: 488b 00e9 | ee01 0000 | a801 0f85 | 0900 0000 | 488b 40fe | e9dd 0100 | 0048 8b40 | ff41 807f 
  0x000001ed6502196c: 4000 0f84 | ce01 0000 | 4883 f800 | 0f84 c401 | 0000 498b | 4f28 4883 | f900 0f84 | 1400 0000 
  0x000001ed6502198c: 4883 e908 | 4989 4f28 | 4903 4f38 | 4889 01e9 | a201 0000 | 4881 ecd0 | 0000 0048 | 8904 2448 
  0x000001ed650219ac: 894c 2408 | 4889 5424 | 1048 8974 | 2418 4889 | 7c24 204c | 8944 2428 | 4c89 4c24 | 304c 8954 
  0x000001ed650219cc: 2438 4c89 | 5c24 40c5 | fb11 4424 | 50c5 fb11 | 4c24 58c5 | fb11 5424 | 60c5 fb11 | 5c24 68c5 
  0x000001ed650219ec: fb11 6424 | 70c5 fb11 | 6c24 78c5 | fb11 b424 | 8000 0000 | c5fb 11bc | 2488 0000 | 00c5 7b11 
  0x000001ed65021a0c: ;   {no_reloc}
  0x000001ed65021a0c: 8424 9000 | 0000 c57b | 118c 2498 | 0000 00c5 | 7b11 9424 | a000 0000 | c57b 119c | 24a8 0000 
  0x000001ed65021a2c: 00c5 7b11 | a424 b000 | 0000 c57b | 11ac 24b8 | 0000 00c5 | 7b11 b424 | c000 0000 | c57b 11bc 
  0x000001ed65021a4c: 24c8 0000 | 0049 8bd7 | 488b c848 | 83ec 2040 | f6c4 0f0f | 8419 0000 | 0048 83ec 

  0x000001ed65021a68: ;   {runtime_call}
  0x000001ed65021a68: 0848 b810 | 220c cffa | 7f00 00ff | d048 83c4 | 08e9 0c00 

  0x000001ed65021a7c: ;   {runtime_call}
  0x000001ed65021a7c: 0000 48b8 | 1022 0ccf | fa7f 0000 | ffd0 4883 | c420 c57b | 10bc 24c8 | 0000 00c5 | 7b10 b424 
  0x000001ed65021a9c: c000 0000 | c57b 10ac | 24b8 0000 | 00c5 7b10 | a424 b000 | 0000 c57b | 109c 24a8 | 0000 00c5 
  0x000001ed65021abc: 7b10 9424 | a000 0000 | c57b 108c | 2498 0000 | 00c5 7b10 | 8424 9000 | 0000 c5fb | 10bc 2488 
  0x000001ed65021adc: 0000 00c5 | fb10 b424 | 8000 0000 | c5fb 106c | 2478 c5fb | 1064 2470 | c5fb 105c | 2468 c5fb 
  0x000001ed65021afc: 1054 2460 | c5fb 104c | 2458 c5fb | 1044 2450 | 4c8b 5c24 | 404c 8b54 | 2438 4c8b | 4c24 304c 
  0x000001ed65021b1c: 8b44 2428 | 488b 7c24 | 2048 8b74 | 2418 488b | 5424 1048 | 8b4c 2408 | 488b 0424 | 4881 c4d0 
  0x000001ed65021b3c: 0000 00c5 | f877 498b | 8f28 0400 | 00c7 8100 | 0100 0000 | 0000 00c9 | 4983 7f08 | 000f 8501 
  0x000001ed65021b5c: 0000 00c3 

  0x000001ed65021b60: ;   {runtime_call StubRoutines (initial stubs)}
  0x000001ed65021b60: e99b f397 | ffc5 f877 | 4889 45f8 | 4c8b e448 | 83ec 2048 

  0x000001ed65021b74: ;   {runtime_call}
  0x000001ed65021b74: 83e4 f048 | b8e0 0e4e | cffa 7f00 | 00ff d049 | 8be4 4d33 | e448 8b45 | f8e9 30fd | ffff f4f4 
  0x000001ed65021b94: f4f4 f4f4 
[/MachCode]


Compiled method (c1) 45303 2375       3       java.lang.System$2::defineClass (21 bytes)
 total in heap  [0x000001ed5d903f10,0x000001ed5d9042f0] = 992
 relocation     [0x000001ed5d904070,0x000001ed5d9040b0] = 64
 main code      [0x000001ed5d9040c0,0x000001ed5d9041f8] = 312
 stub code      [0x000001ed5d9041f8,0x000001ed5d904238] = 64
 metadata       [0x000001ed5d904238,0x000001ed5d904240] = 8
 scopes data    [0x000001ed5d904240,0x000001ed5d904288] = 72
 scopes pcs     [0x000001ed5d904288,0x000001ed5d9042d8] = 80
 dependencies   [0x000001ed5d9042d8,0x000001ed5d9042e0] = 8
 nul chk table  [0x000001ed5d9042e0,0x000001ed5d9042f0] = 16

[Constant Pool (empty)]

[MachCode]
[Entry Point]
  # {method} {0x000001ed721aca78} 'defineClass' '(Ljava/lang/ClassLoader;Ljava/lang/Class;Ljava/lang/String;[BLjava/security/ProtectionDomain;ZILjava/lang/Object;)Ljava/lang/Class;' in 'java/lang/System$2'
  # this:     rdx:rdx   = 'java/lang/System$2'
  # parm0:    r8:r8     = 'java/lang/ClassLoader'
  # parm1:    r9:r9     = 'java/lang/Class'
  # parm2:    rdi:rdi   = 'java/lang/String'
  # parm3:    rsi:rsi   = '[B'
  # parm4:    rcx:rcx   = 'java/security/ProtectionDomain'
  # parm5:    [sp+0x70]   = boolean  (sp of caller)
  # parm6:    [sp+0x78]   = int
  # parm7:    [sp+0x80]   = 'java/lang/Object'
  0x000001ed5d9040c0: 448b 5208 | 49c1 e203 

  0x000001ed5d9040c8: ;   {runtime_call ic_miss_stub}
  0x000001ed5d9040c8: 4c3b d00f | 85af a60e | 0766 6666 | 0f1f 8400 | 0000 0000 | 6666 6690 
[Verified Entry Point]
  0x000001ed5d9040e0: 8984 2400 | 80ff ff55 | 4883 ec60 | 4181 7f20 | 1700 0000 

  0x000001ed5d9040f4: ;   {runtime_call StubRoutines (final stubs)}
  0x000001ed5d9040f4: 7405 e825 | 5a0d 0748 

  0x000001ed5d9040fc: ;   {metadata(method data for {method} {0x000001ed721aca78} 'defineClass' '(Ljava/lang/ClassLoader;Ljava/lang/Class;Ljava/lang/String;[BLjava/security/ProtectionDomain;ZILjava/lang/Object;)Ljava/lang/Class;' in 'java/lang/System$2')}
  0x000001ed5d9040fc: 8bd9 48b9 | 08e3 0f73 | ed01 0000 | 8b81 cc00 | 0000 83c0 | 0289 81cc | 0000 0025 | fe07 0000 
  0x000001ed5d90411c: 85c0 0f84 | 6b00 0000 | 4c8b ac24 | 8000 0000 | 448b 5c24 | 788b 4424 | 708b 4e0c 

  0x000001ed5d904138: ;   {metadata(method data for {method} {0x000001ed721aca78} 'defineClass' '(Ljava/lang/ClassLoader;Ljava/lang/Class;Ljava/lang/String;[BLjava/security/ProtectionDomain;ZILjava/lang/Object;)Ljava/lang/Class;' in 'java/lang/System$2')}
  0x000001ed5d904138: 48ba 08e3 | 0f73 ed01 | 0000 4883 | 8210 0100 | 0001 498b | d04d 8bc1 | 4c8b cf48 | 8bfe be00 
  0x000001ed5d904158: 0000 0048 | 891c 2489 | 4424 0844 | 895c 2410 | 4c89 6c24 

  0x000001ed5d90416c: ;   {static_call}
  0x000001ed5d90416c: 1866 90e8 

  0x000001ed5d904170: ; ImmutableOopMap {}
                      ;*invokestatic defineClass0 {reexecute=0 rethrow=0 return_oop=0}
                      ; - java.lang.System$2::defineClass@17
  0x000001ed5d904170: 64d5 7107 

  0x000001ed5d904174: ;   {other}
  0x000001ed5d904174: 0f1f 8400 | 6402 0000 | 4883 c460 

  0x000001ed5d904180: ;   {poll_return}
  0x000001ed5d904180: 5d49 3ba7 | 4804 0000 | 0f87 2700 

  0x000001ed5d90418c: ;   {metadata({method} {0x000001ed721aca78} 'defineClass' '(Ljava/lang/ClassLoader;Ljava/lang/Class;Ljava/lang/String;[BLjava/security/ProtectionDomain;ZILjava/lang/Object;)Ljava/lang/Class;' in 'java/lang/System$2')}
  0x000001ed5d90418c: 0000 c349 | ba70 ca1a | 72ed 0100 | 004c 8954 | 2408 48c7 | 0424 ffff 

  0x000001ed5d9041a4: ;   {runtime_call counter_overflow Runtime1 stub}
  0x000001ed5d9041a4: ffff e855 

  0x000001ed5d9041a8: ; ImmutableOopMap {rdx=Oop r8=Oop r9=Oop rdi=Oop rsi=Oop rbx=Oop [128]=Oop }
                      ;*synchronization entry
                      ; - java.lang.System$2::defineClass@-1
  0x000001ed5d9041a8: d71a 07e9 | 74ff ffff 

  0x000001ed5d9041b0: ;   {runtime_call throw_null_pointer_exception Runtime1 stub}
  0x000001ed5d9041b0: e84b 861a 

  0x000001ed5d9041b4: ; ImmutableOopMap {r8=Oop r9=Oop rdi=Oop rsi=Oop rbx=Oop r13=Oop [128]=Oop }
                      ;*arraylength {reexecute=0 rethrow=0 return_oop=0}
                      ; - java.lang.System$2::defineClass@8
                      ;   {internal_word}
  0x000001ed5d9041b4: 0749 ba81 | 4190 5ded | 0100 004d | 8997 6004 

  0x000001ed5d9041c4: ;   {runtime_call SafepointBlob}
  0x000001ed5d9041c4: 0000 e935 | 150f 0749 | 8b87 f804 | 0000 49c7 | 87f8 0400 | 0000 0000 | 0049 c787 | 0005 0000 
  0x000001ed5d9041e4: 0000 0000 | 4883 c460 

  0x000001ed5d9041ec: ;   {runtime_call unwind_exception Runtime1 stub}
  0x000001ed5d9041ec: 5de9 0e77 | 1a07 f4f4 | f4f4 f4f4 
[Stub Code]
  0x000001ed5d9041f8: ;   {no_reloc}
  0x000001ed5d9041f8: 48bb 0000 | 0000 0000 

  0x000001ed5d904200: ;   {runtime_call nmethod}
  0x000001ed5d904200: 0000 e9fb 

  0x000001ed5d904204: ;   {runtime_call handle_exception_from_callee Runtime1 stub}
  0x000001ed5d904204: ffff ffe8 | f4a3 1a07 

  0x000001ed5d90420c: ;   {external_word}
  0x000001ed5d90420c: 48b9 7061 | 6ecf fa7f | 0000 4883 

  0x000001ed5d904218: ;   {runtime_call}
  0x000001ed5d904218: e4f0 48b8 | 10cd 3ccf | fa7f 0000 

  0x000001ed5d904224: ;   {section_word}
  0x000001ed5d904224: ffd0 f449 | ba27 4290 | 5ded 0100 

  0x000001ed5d904230: ;   {runtime_call DeoptimizationBlob}
  0x000001ed5d904230: 0041 52e9 | 6807 0f07 
[/MachCode]


Compiled method (c1) 45314 2594   !   3       java.lang.invoke.MethodHandles$Lookup$ClassDefiner::defineClass (213 bytes)
 total in heap  [0x000001ed5d988510,0x000001ed5d989598] = 4232
 relocation     [0x000001ed5d988670,0x000001ed5d988778] = 264
 main code      [0x000001ed5d988780,0x000001ed5d989080] = 2304
 stub code      [0x000001ed5d989080,0x000001ed5d9890f8] = 120
 metadata       [0x000001ed5d9890f8,0x000001ed5d989178] = 128
 scopes data    [0x000001ed5d989178,0x000001ed5d989368] = 496
 scopes pcs     [0x000001ed5d989368,0x000001ed5d9894e8] = 384
 dependencies   [0x000001ed5d9894e8,0x000001ed5d989510] = 40
 handler table  [0x000001ed5d989510,0x000001ed5d989558] = 72
 nul chk table  [0x000001ed5d989558,0x000001ed5d989598] = 64

[Constant Pool (empty)]

[MachCode]
[Entry Point]
  # {method} {0x000001ed72474478} 'defineClass' '(ZLjava/lang/Object;)Ljava/lang/Class;' in 'java/lang/invoke/MethodHandles$Lookup$ClassDefiner'
  # this:     rdx:rdx   = 'java/lang/invoke/MethodHandles$Lookup$ClassDefiner'
  # parm0:    r8        = boolean
  # parm1:    r9:r9     = 'java/lang/Object'
  #           [sp+0xf0]  (sp of caller)
  0x000001ed5d988780: 448b 5208 | 49c1 e203 

  0x000001ed5d988788: ;   {runtime_call ic_miss_stub}
  0x000001ed5d988788: 4c3b d00f | 85ef 5f06 | 0766 6666 | 0f1f 8400 | 0000 0000 | 6666 6690 
[Verified Entry Point]
  0x000001ed5d9887a0: 8984 2400 | 80ff ff55 | 4881 ece0 | 0000 0090 | 4181 7f20 | 1700 0000 

  0x000001ed5d9887b8: ;   {runtime_call StubRoutines (final stubs)}
  0x000001ed5d9887b8: 7405 e861 | 1305 0748 | 8994 2498 | 0000 0044 | 8984 24b0 | 0000 004c | 898c 24b8 

  0x000001ed5d9887d4: ;   {metadata(method data for {method} {0x000001ed72474478} 'defineClass' '(ZLjava/lang/Object;)Ljava/lang/Class;' in 'java/lang/invoke/MethodHandles$Lookup$ClassDefiner')}
  0x000001ed5d9887d4: 0000 0048 | be20 e024 | 73ed 0100 | 008b becc | 0000 0083 | c702 89be | cc00 0000 | 81e7 fe07 
  0x000001ed5d9887f4: 0000 85ff | 0f84 c306 | 0000 8b72 | 1048 89b4 | 2490 0000 | 0048 3b06 

  0x000001ed5d98880c: ;   {metadata(method data for {method} {0x000001ed72474478} 'defineClass' '(ZLjava/lang/Object;)Ljava/lang/Class;' in 'java/lang/invoke/MethodHandles$Lookup$ClassDefiner')}
  0x000001ed5d98880c: 488b fe48 | bb20 e024 | 73ed 0100 | 0048 8383 | 1001 0000 | 018b 7e10 | 4889 bc24 | a800 0000 
  0x000001ed5d98882c: ; implicit exception: dispatches to 0x000001ed5d988ee7
  0x000001ed5d98882c: 483b 0748 

  0x000001ed5d988830: ;   {metadata(method data for {method} {0x000001ed72474478} 'defineClass' '(ZLjava/lang/Object;)Ljava/lang/Class;' in 'java/lang/invoke/MethodHandles$Lookup$ClassDefiner')}
  0x000001ed5d988830: 8bdf 48b8 | 20e0 2473 | ed01 0000 | 4883 8048 | 0100 0001 

  0x000001ed5d988844: ;   {metadata(method data for {method} {0x000001ed72017c70} 'getClassLoader' '()Ljava/lang/ClassLoader;' in 'java/lang/Class')}
  0x000001ed5d988844: 48bb 38f1 | 4a72 ed01 | 0000 8b83 | cc00 0000 | 83c0 0289 | 83cc 0000 | 0025 feff | 1f00 85c0 
  0x000001ed5d988864: 0f84 8206 | 0000 8b5f | 3448 85db 

  0x000001ed5d988870: ;   {metadata(method data for {method} {0x000001ed72017c70} 'getClassLoader' '()Ljava/lang/ClassLoader;' in 'java/lang/Class')}
  0x000001ed5d988870: 48b8 38f1 | 4a72 ed01 | 0000 48c7 | c110 0100 | 0075 0748 | c7c1 2001 | 0000 4c8b | 1c08 4d8d 
  0x000001ed5d988890: 5b01 4c89 | 1c08 0f85 | 0f00 0000 

  0x000001ed5d98889c: ;   {oop(nullptr)}
  0x000001ed5d98889c: 48bb 0000 | 0000 0000 | 0000 e9a2 

  0x000001ed5d9888a8: ;   {metadata(method data for {method} {0x000001ed72017c70} 'getClassLoader' '()Ljava/lang/ClassLoader;' in 'java/lang/Class')}
  0x000001ed5d9888a8: 0000 0048 | b838 f14a | 72ed 0100 | 0048 8380 | 3001 0000 

  0x000001ed5d9888bc: ;   {metadata(method data for {method} {0x000001ed7202bd50} 'getSecurityManager' '()Ljava/lang/SecurityManager;' in 'java/lang/System')}
  0x000001ed5d9888bc: 0148 b8f8 | f24a 72ed | 0100 008b | 88cc 0000 | 0083 c102 | 8988 cc00 | 0000 81e1 | feff 1f00 
  0x000001ed5d9888dc: 85c9 0f84 | 2906 0000 

  0x000001ed5d9888e4: ;   {metadata(method data for {method} {0x000001ed7202bd50} 'getSecurityManager' '()Ljava/lang/SecurityManager;' in 'java/lang/System')}
  0x000001ed5d9888e4: 48b8 f8f2 | 4a72 ed01 | 0000 4883 | 8010 0100 

  0x000001ed5d9888f4: ;   {metadata(method data for {method} {0x000001ed7202b188} 'allowSecurityManager' '()Z' in 'java/lang/System')}
  0x000001ed5d9888f4: 0001 48b8 | a0f5 4a72 | ed01 0000 | 8b88 cc00 | 0000 83c1 | 0289 88cc | 0000 0081 | e1fe ff1f 
  0x000001ed5d988914: 0085 c90f | 8411 0600 

  0x000001ed5d98891c: ;   {metadata(method data for {method} {0x000001ed7202b188} 'allowSecurityManager' '()Z' in 'java/lang/System')}
  0x000001ed5d98891c: 0048 b8a0 | f54a 72ed | 0100 00ff | 8010 0100 

  0x000001ed5d98892c: ;   {metadata(method data for {method} {0x000001ed7202bd50} 'getSecurityManager' '()Ljava/lang/SecurityManager;' in 'java/lang/System')}
  0x000001ed5d98892c: 0048 b8f8 | f24a 72ed | 0100 00ff | 8020 0100 

  0x000001ed5d98893c: ;   {metadata(method data for {method} {0x000001ed72017c70} 'getClassLoader' '()Ljava/lang/ClassLoader;' in 'java/lang/Class')}
  0x000001ed5d98893c: 0048 b838 | f14a 72ed | 0100 00ff | 8040 0100 | 0048 85db 

  0x000001ed5d988950: ;   {metadata(method data for {method} {0x000001ed72474478} 'defineClass' '(ZLjava/lang/Object;)Ljava/lang/Class;' in 'java/lang/invoke/MethodHandles$Lookup$ClassDefiner')}
  0x000001ed5d988950: 48b8 20e0 | 2473 ed01 | 0000 48c7 | c180 0100 | 0074 0748 | c7c1 9001 | 0000 4c8b | 1c08 4d8d 
  0x000001ed5d988970: 5b01 4c89 | 1c08 0f84 | ad01 0000 

  0x000001ed5d98897c: ;   {metadata(method data for {method} {0x000001ed72474478} 'defineClass' '(ZLjava/lang/Object;)Ljava/lang/Class;' in 'java/lang/invoke/MethodHandles$Lookup$ClassDefiner')}
  0x000001ed5d98897c: 488b c648 | b920 e024 | 73ed 0100 | 0048 8381 | a001 0000 

  0x000001ed5d988990: ;   {metadata(method data for {method} {0x000001ed722cf150} 'lookupClassProtectionDomain' '()Ljava/security/ProtectionDomain;' in 'java/lang/invoke/MethodHandles$Lookup')}
  0x000001ed5d988990: 0148 b858 | e624 73ed | 0100 008b | 88cc 0000 | 0083 c102 | 8988 cc00 | 0000 81e1 | feff 1f00 
  0x000001ed5d9889b0: 85c9 0f84 | 9705 0000 | 8b46 1848 

  0x000001ed5d9889bc: ;   {metadata(method data for {method} {0x000001ed722cf150} 'lookupClassProtectionDomain' '()Ljava/security/ProtectionDomain;' in 'java/lang/invoke/MethodHandles$Lookup')}
  0x000001ed5d9889bc: 85c0 48b9 | 58e6 2473 | ed01 0000 | 49c7 c310 | 0100 0075 | 0749 c7c3 | 2001 0000 | 4e8b 2c19 
  0x000001ed5d9889dc: 4d8d 6d01 | 4e89 2c19 | 4889 9c24 | a000 0000 | 0f85 2101 

  0x000001ed5d9889f0: ;   {metadata(method data for {method} {0x000001ed722cf150} 'lookupClassProtectionDomain' '()Ljava/security/ProtectionDomain;' in 'java/lang/invoke/MethodHandles$Lookup')}
  0x000001ed5d9889f0: 0000 48b8 | 58e6 2473 | ed01 0000 | 4883 8030 | 0100 0001 

  0x000001ed5d988a04: ;   {metadata(method data for {method} {0x000001ed72188c68} 'getJavaLangAccess' '()Ljdk/internal/access/JavaLangAccess;' in 'jdk/internal/access/SharedSecrets')}
  0x000001ed5d988a04: 48b8 6898 | 9d72 ed01 | 0000 8b88 | cc00 0000 | 83c1 0289 | 88cc 0000 | 0081 e1fe | ff1f 0085 
  0x000001ed5d988a24: c90f 8445 

  0x000001ed5d988a28: ;   {oop(a 'java/lang/Class'{0x0000000080f35f18} = 'jdk/internal/access/SharedSecrets')}
  0x000001ed5d988a28: 0500 0048 | b818 5ff3 | 8000 0000 | 008b 407c | 8b4e 1048 | 85c0 0f84 | 2100 0000 

  0x000001ed5d988a44: ;   {metadata('java/lang/System$2')}
  0x000001ed5d988a44: 48be 105f | 0600 0100 | 0000 448b | 7008 49c1 | e603 493b | 7638 0f85 | 3105 0000 | e900 0000 
  0x000001ed5d988a64: 004c 8bd8 

  0x000001ed5d988a68: ; implicit exception: dispatches to 0x000001ed5d988f96
                      ;   {metadata(method data for {method} {0x000001ed722cf150} 'lookupClassProtectionDomain' '()Ljava/security/ProtectionDomain;' in 'java/lang/invoke/MethodHandles$Lookup')}
  0x000001ed5d988a68: 483b 0048 | be58 e624 | 73ed 0100 

  0x000001ed5d988a74: ;   {metadata('java/lang/System$2')}
  0x000001ed5d988a74: 0049 ba10 | 5f06 0001 | 0000 004c | 8996 5001 | 0000 4883 | 8658 0100 

  0x000001ed5d988a8c: ;   {metadata(method data for {method} {0x000001ed721ae430} 'protectionDomain' '(Ljava/lang/Class;)Ljava/security/ProtectionDomain;' in 'java/lang/System$2')}
  0x000001ed5d988a8c: 0001 48be | 10e8 2473 | ed01 0000 | 8b86 cc00 | 0000 83c0 | 0289 86cc | 0000 0025 | feff 1f00 
  0x000001ed5d988aac: 85c0 0f84 | e704 0000 

  0x000001ed5d988ab4: ; implicit exception: dispatches to 0x000001ed5d988fbc
  0x000001ed5d988ab4: 483b 0148 

  0x000001ed5d988ab8: ;   {metadata(method data for {method} {0x000001ed721ae430} 'protectionDomain' '(Ljava/lang/Class;)Ljava/security/ProtectionDomain;' in 'java/lang/System$2')}
  0x000001ed5d988ab8: 8bf1 48b8 | 10e8 2473 | ed01 0000 | 4883 8010 | 0100 0001 

  0x000001ed5d988acc: ;   {optimized virtual_call}
  0x000001ed5d988acc: 488b d1e8 

  0x000001ed5d988ad0: ; ImmutableOopMap {[144]=Oop [152]=Oop [160]=Oop [168]=Oop [184]=Oop }
                      ;*invokevirtual protectionDomain {reexecute=0 rethrow=0 return_oop=0}
                      ; - java.lang.System$2::protectionDomain@1
                      ; - java.lang.invoke.MethodHandles$Lookup::lookupClassProtectionDomain@17
                      ; - java.lang.invoke.MethodHandles$Lookup$ClassDefiner::defineClass@23
  0x000001ed5d988ad0: ac58 1400 

  0x000001ed5d988ad4: ;   {other}
  0x000001ed5d988ad4: 0f1f 8400 | c405 0000 | 450f be47 | 4045 85c0 | 488b b424 | 9000 0000 | 0f85 cf04 | 0000 4c8b 
  0x000001ed5d988af4: d044 8956 | 18f0 8344 | 24c0 004c | 8bc6 4c33 | c049 c1e8 | 1449 83f8 | 000f 85ca 

  0x000001ed5d988b10: ;   {metadata(method data for {method} {0x000001ed72474478} 'defineClass' '(ZLjava/lang/Object;)Ljava/lang/Class;' in 'java/lang/invoke/MethodHandles$Lookup$ClassDefiner')}
  0x000001ed5d988b10: 0400 0049 | b820 e024 | 73ed 0100 | 0041 ff80 | d801 0000 | e912 0000 | 0048 899c | 24a0 0000 
  0x000001ed5d988b30: ;   {oop(nullptr)}
  0x000001ed5d988b30: 0048 b800 | 0000 0000 | 0000 0048 | 8b9c 24a0 | 0000 0048 | 8bbc 24a8 | 0000 0048 | 8b94 2498 
  0x000001ed5d988b50: ;   {metadata(method data for {method} {0x000001ed72474478} 'defineClass' '(ZLjava/lang/Object;)Ljava/lang/Class;' in 'java/lang/invoke/MethodHandles$Lookup$ClassDefiner')}
  0x000001ed5d988b50: 0000 0049 | b820 e024 | 73ed 0100 | 0049 8380 | f001 0000 

  0x000001ed5d988b64: ;   {metadata(method data for {method} {0x000001ed72188c68} 'getJavaLangAccess' '()Ljdk/internal/access/JavaLangAccess;' in 'jdk/internal/access/SharedSecrets')}
  0x000001ed5d988b64: 0149 b868 | 989d 72ed | 0100 0045 | 8b88 cc00 | 0000 4183 | c102 4589 | 88cc 0000 | 0041 81e1 
  0x000001ed5d988b84: feff 1f00 | 4585 c90f | 8464 0400 

  0x000001ed5d988b90: ;   {oop(a 'java/lang/Class'{0x0000000080f35f18} = 'jdk/internal/access/SharedSecrets')}
  0x000001ed5d988b90: 0049 b818 | 5ff3 8000 | 0000 0045 | 8b70 7c8b | 7214 8b4a | 1844 8b4a | 0c4d 85f6 | 0f84 2100 
  0x000001ed5d988bb0: ;   {metadata('java/lang/System$2')}
  0x000001ed5d988bb0: 0000 49bb | 105f 0600 | 0100 0000 | 458b 6e08 | 49c1 e503 | 4d3b 5d38 | 0f85 4804 | 0000 e900 
  0x000001ed5d988bd0: 0000 004d | 8bc6 493b | 064d 8bc6 

  0x000001ed5d988bdc: ;   {metadata(method data for {method} {0x000001ed72474478} 'defineClass' '(ZLjava/lang/Object;)Ljava/lang/Class;' in 'java/lang/invoke/MethodHandles$Lookup$ClassDefiner')}
  0x000001ed5d988bdc: 48ba 20e0 | 2473 ed01 

  0x000001ed5d988be4: ;   {metadata('java/lang/System$2')}
  0x000001ed5d988be4: 0000 49ba | 105f 0600 | 0100 0000 | 4c89 9210 | 0200 0048 | 8382 1802 | 0000 014c | 8bc3 498b 
  0x000001ed5d988c04: d14c 8bcf | 488b fe48 | 8bf1 488b | c88b 8424 | b000 0000 | 8904 2489 | 5424 0848 | 8b94 24b8 
  0x000001ed5d988c24: 0000 0048 | 8954 2410 

  0x000001ed5d988c2c: ;   {optimized virtual_call}
  0x000001ed5d988c2c: 498b d6e8 

  0x000001ed5d988c30: ; ImmutableOopMap {[152]=Oop [168]=Oop }
                      ;*invokeinterface defineClass {reexecute=0 rethrow=0 return_oop=0}
                      ; - java.lang.invoke.MethodHandles$Lookup$ClassDefiner::defineClass@57
  0x000001ed5d988c30: acb4 f7ff 

  0x000001ed5d988c34: ;   {other}
  0x000001ed5d988c34: 0f1f 8400 | 2407 0001 

  0x000001ed5d988c3c: ;   {metadata(method data for {method} {0x000001ed72474478} 'defineClass' '(ZLjava/lang/Object;)Ljava/lang/Class;' in 'java/lang/invoke/MethodHandles$Lookup$ClassDefiner')}
  0x000001ed5d988c3c: 49b8 20e0 | 2473 ed01 | 0000 41ff | 8038 0200 | 0048 8b94 | 2498 0000 | 008b 721c 

  0x000001ed5d988c58: ; implicit exception: dispatches to 0x000001ed5d989020
  0x000001ed5d988c58: 483b 064c 

  0x000001ed5d988c5c: ;   {metadata(method data for {method} {0x000001ed72474478} 'defineClass' '(ZLjava/lang/Object;)Ljava/lang/Class;' in 'java/lang/invoke/MethodHandles$Lookup$ClassDefiner')}
  0x000001ed5d988c5c: 8bc6 49b9 | 20e0 2473 | ed01 0000 | 4983 8150 | 0300 0001 | 440f be46 | 0c41 83e0 | 0145 85c0 
  0x000001ed5d988c7c: ;   {metadata(method data for {method} {0x000001ed72474478} 'defineClass' '(ZLjava/lang/Object;)Ljava/lang/Class;' in 'java/lang/invoke/MethodHandles$Lookup$ClassDefiner')}
  0x000001ed5d988c7c: 49b8 20e0 | 2473 ed01 | 0000 49c7 | c188 0300 | 0074 0749 | c7c1 9803 | 0000 4b8b | 3c08 488d 
  0x000001ed5d988c9c: 7f01 4b89 | 3c08 0f84 | c401 0000 

  0x000001ed5d988ca8: ;   {metadata(method data for {method} {0x000001ed72474478} 'defineClass' '(ZLjava/lang/Object;)Ljava/lang/Class;' in 'java/lang/invoke/MethodHandles$Lookup$ClassDefiner')}
  0x000001ed5d988ca8: 4c8b c249 | b920 e024 | 73ed 0100 

  0x000001ed5d988cb4: ;   {metadata('java/lang/invoke/MethodHandles$Lookup$ClassDefiner')}
  0x000001ed5d988cb4: 0049 ba00 | a101 0001 | 0000 004d | 8991 b803 | 0000 4983 | 81c0 0300 | 0001 8b7a | 1448 85c0 
  0x000001ed5d988cd4: ;   {metadata(method data for {method} {0x000001ed72474478} 'defineClass' '(ZLjava/lang/Object;)Ljava/lang/Class;' in 'java/lang/invoke/MethodHandles$Lookup$ClassDefiner')}
  0x000001ed5d988cd4: 49b8 20e0 | 2473 ed01 | 0000 49c7 | c1e0 0300 | 0074 0749 | c7c1 f003 | 0000 4b8b | 1c08 488d 
  0x000001ed5d988cf4: 5b01 4b89 | 1c08 0f84 | 2b01 0000 | e9bd 0000 | 0048 8b94 | 2498 0000 | 0049 8b87 | f804 0000 
  0x000001ed5d988d14: 4d33 d24d | 8997 f804 | 0000 4d33 | d24d 8997 | 0005 0000 | 8b72 1c48 | 3b06 4c8b 

  0x000001ed5d988d30: ;   {metadata(method data for {method} {0x000001ed72474478} 'defineClass' '(ZLjava/lang/Object;)Ljava/lang/Class;' in 'java/lang/invoke/MethodHandles$Lookup$ClassDefiner')}
  0x000001ed5d988d30: c649 b920 | e024 73ed | 0100 0049 | 8381 8804 | 0000 0144 | 0fbe 460c | 4183 e001 

  0x000001ed5d988d4c: ;   {metadata(method data for {method} {0x000001ed72474478} 'defineClass' '(ZLjava/lang/Object;)Ljava/lang/Class;' in 'java/lang/invoke/MethodHandles$Lookup$ClassDefiner')}
  0x000001ed5d988d4c: 4585 c049 | b820 e024 | 73ed 0100 | 0049 c7c1 | c004 0000 | 7407 49c7 | c1d0 0400 | 004b 8b3c 
  0x000001ed5d988d6c: 0848 8d7f | 014b 893c | 080f 8441 | 0100 004c 

  0x000001ed5d988d7c: ;   {metadata(method data for {method} {0x000001ed72474478} 'defineClass' '(ZLjava/lang/Object;)Ljava/lang/Class;' in 'java/lang/invoke/MethodHandles$Lookup$ClassDefiner')}
  0x000001ed5d988d7c: 8bc2 49b9 | 20e0 2473 | ed01 0000 

  0x000001ed5d988d88: ;   {metadata('java/lang/invoke/MethodHandles$Lookup$ClassDefiner')}
  0x000001ed5d988d88: 49ba 00a1 | 0100 0100 | 0000 4d89 | 91f0 0400 | 0049 8381 | f804 0000 | 018b 7a14 

  0x000001ed5d988da4: ;   {metadata(method data for {method} {0x000001ed72474478} 'defineClass' '(ZLjava/lang/Object;)Ljava/lang/Class;' in 'java/lang/invoke/MethodHandles$Lookup$ClassDefiner')}
  0x000001ed5d988da4: 49b8 20e0 | 2473 ed01 | 0000 41ff | 8018 0500 | 0048 8984 | 24c8 0000 | 00e9 c000 | 0000 8b52 
  0x000001ed5d988dc4: 184c 8bc6 

  0x000001ed5d988dc8: ;   {metadata(method data for {method} {0x000001ed72474478} 'defineClass' '(ZLjava/lang/Object;)Ljava/lang/Class;' in 'java/lang/invoke/MethodHandles$Lookup$ClassDefiner')}
  0x000001ed5d988dc8: 49b9 20e0 | 2473 ed01 | 0000 4983 | 8100 0400 | 0001 4c8b | c74c 8bc8 | 488b fa48 | 8bd6 4889 
  0x000001ed5d988de8: 8424 c000 

  0x000001ed5d988dec: ;   {optimized virtual_call}
  0x000001ed5d988dec: 0000 90e8 

  0x000001ed5d988df0: ; ImmutableOopMap {[192]=Oop }
                      ;*invokevirtual dumpClass {reexecute=0 rethrow=0 return_oop=0}
                      ; - java.lang.invoke.MethodHandles$Lookup$ClassDefiner::defineClass@134
  0x000001ed5d988df0: 8c5c 0607 

  0x000001ed5d988df4: ;   {other}
  0x000001ed5d988df4: 0f1f 8400 | e408 0002 

  0x000001ed5d988dfc: ;   {metadata(method data for {method} {0x000001ed72474478} 'defineClass' '(ZLjava/lang/Object;)Ljava/lang/Class;' in 'java/lang/invoke/MethodHandles$Lookup$ClassDefiner')}
  0x000001ed5d988dfc: 49b8 20e0 | 2473 ed01 | 0000 41ff | 8038 0400 | 0048 8b84 | 24c0 0000 | 0048 81c4 | e000 0000 
  0x000001ed5d988e1c: ;   {poll_return}
  0x000001ed5d988e1c: 5d49 3ba7 | 4804 0000 | 0f87 0002 | 0000 c348 | 8984 24c0 | 0000 0044 | 8b4a 184c 

  0x000001ed5d988e38: ;   {metadata(method data for {method} {0x000001ed72474478} 'defineClass' '(ZLjava/lang/Object;)Ljava/lang/Class;' in 'java/lang/invoke/MethodHandles$Lookup$ClassDefiner')}
  0x000001ed5d988e38: 8bc6 48ba | 20e0 2473 | ed01 0000 | 4883 8250 | 0400 0001 | 4c8b c748 | 8bd6 0f1f 

  0x000001ed5d988e54: ;   {optimized virtual_call}
  0x000001ed5d988e54: 4400 00e8 

  0x000001ed5d988e58: ; ImmutableOopMap {[192]=Oop }
                      ;*invokevirtual dumpFailedClass {reexecute=0 rethrow=0 return_oop=0}
                      ; - java.lang.invoke.MethodHandles$Lookup$ClassDefiner::defineClass@150
  0x000001ed5d988e58: 245c 0607 

  0x000001ed5d988e5c: ;   {other}
  0x000001ed5d988e5c: 0f1f 8400 | 4c09 0003 | 488b 8424 | c000 0000 | 4881 c4e0 | 0000 005d 

  0x000001ed5d988e74: ;   {poll_return}
  0x000001ed5d988e74: 493b a748 | 0400 000f | 87bf 0100 | 00c3 448b | 4a18 4c8b 

  0x000001ed5d988e88: ;   {metadata(method data for {method} {0x000001ed72474478} 'defineClass' '(ZLjava/lang/Object;)Ljava/lang/Class;' in 'java/lang/invoke/MethodHandles$Lookup$ClassDefiner')}
  0x000001ed5d988e88: c648 ba20 | e024 73ed | 0100 0048 | 8382 8805 | 0000 014c | 8bc7 488b | d666 0f1f 

  0x000001ed5d988ea4: ;   {optimized virtual_call}
  0x000001ed5d988ea4: 4400 00e8 

  0x000001ed5d988ea8: ; ImmutableOopMap {[200]=Oop }
                      ;*invokevirtual dumpFailedClass {reexecute=0 rethrow=0 return_oop=0}
                      ; - java.lang.invoke.MethodHandles$Lookup$ClassDefiner::defineClass@207
  0x000001ed5d988ea8: d45b 0607 

  0x000001ed5d988eac: ;   {other}
  0x000001ed5d988eac: 0f1f 8400 | 9c09 0004 | 488b 8424 | c800 0000 | e9b2 0100 

  0x000001ed5d988ec0: ;   {metadata({method} {0x000001ed72474478} 'defineClass' '(ZLjava/lang/Object;)Ljava/lang/Class;' in 'java/lang/invoke/MethodHandles$Lookup$ClassDefiner')}
  0x000001ed5d988ec0: 0049 ba70 | 4447 72ed | 0100 004c | 8954 2408 | 48c7 0424 | ffff ffff 

  0x000001ed5d988ed8: ;   {runtime_call counter_overflow Runtime1 stub}
  0x000001ed5d988ed8: e823 8a12 

  0x000001ed5d988edc: ; ImmutableOopMap {rdx=Oop r9=Oop [152]=Oop [184]=Oop }
                      ;*synchronization entry
                      ; - java.lang.invoke.MethodHandles$Lookup$ClassDefiner::defineClass@-1
  0x000001ed5d988edc: 07e9 1cf9 

  0x000001ed5d988ee0: ;   {runtime_call throw_null_pointer_exception Runtime1 stub}
  0x000001ed5d988ee0: ffff e819 

  0x000001ed5d988ee4: ; ImmutableOopMap {rdx=Oop r9=Oop rsi=Oop [144]=Oop [152]=Oop [184]=Oop }
                      ;*invokevirtual lookupClass {reexecute=0 rethrow=0 return_oop=0}
                      ; - java.lang.invoke.MethodHandles$Lookup$ClassDefiner::defineClass@4
                      ;   {runtime_call throw_null_pointer_exception Runtime1 stub}
  0x000001ed5d988ee4: 3912 07e8 

  0x000001ed5d988ee8: ; ImmutableOopMap {rdx=Oop r9=Oop rsi=Oop rdi=Oop [144]=Oop [152]=Oop [168]=Oop [184]=Oop }
                      ;*invokevirtual getClassLoader {reexecute=0 rethrow=0 return_oop=0}
                      ; - java.lang.invoke.MethodHandles$Lookup$ClassDefiner::defineClass@9
  0x000001ed5d988ee8: 1439 1207 

  0x000001ed5d988eec: ;   {metadata({method} {0x000001ed72017c70} 'getClassLoader' '()Ljava/lang/ClassLoader;' in 'java/lang/Class')}
  0x000001ed5d988eec: 49ba 687c | 0172 ed01 | 0000 4c89 | 5424 0848 | c704 24ff 

  0x000001ed5d988f00: ;   {runtime_call counter_overflow Runtime1 stub}
  0x000001ed5d988f00: ffff ffe8 

  0x000001ed5d988f04: ; ImmutableOopMap {rdx=Oop r9=Oop rsi=Oop rdi=Oop [144]=Oop [152]=Oop [168]=Oop [184]=Oop }
                      ;*synchronization entry
                      ; - java.lang.Class::getClassLoader@-1
                      ; - java.lang.invoke.MethodHandles$Lookup$ClassDefiner::defineClass@9
  0x000001ed5d988f04: f889 1207 | e95d f9ff 

  0x000001ed5d988f0c: ;   {metadata({method} {0x000001ed7202bd50} 'getSecurityManager' '()Ljava/lang/SecurityManager;' in 'java/lang/System')}
  0x000001ed5d988f0c: ff49 ba48 | bd02 72ed | 0100 004c | 8954 2408 | 48c7 0424 | ffff ffff 

  0x000001ed5d988f24: ;   {runtime_call counter_overflow Runtime1 stub}
  0x000001ed5d988f24: e8d7 8912 

  0x000001ed5d988f28: ; ImmutableOopMap {rdx=Oop r9=Oop rsi=Oop rdi=Oop rbx=Oop [144]=Oop [152]=Oop [168]=Oop [184]=Oop }
                      ;*synchronization entry
                      ; - java.lang.System::getSecurityManager@-1
                      ; - java.lang.Class::getClassLoader@11
                      ; - java.lang.invoke.MethodHandles$Lookup$ClassDefiner::defineClass@9
  0x000001ed5d988f28: 07e9 b6f9 

  0x000001ed5d988f2c: ;   {metadata({method} {0x000001ed7202b188} 'allowSecurityManager' '()Z' in 'java/lang/System')}
  0x000001ed5d988f2c: ffff 49ba | 80b1 0272 | ed01 0000 | 4c89 5424 | 0848 c704 | 24ff ffff 

  0x000001ed5d988f44: ;   {runtime_call counter_overflow Runtime1 stub}
  0x000001ed5d988f44: ffe8 b689 

  0x000001ed5d988f48: ; ImmutableOopMap {rdx=Oop r9=Oop rsi=Oop rdi=Oop rbx=Oop [144]=Oop [152]=Oop [168]=Oop [184]=Oop }
                      ;*synchronization entry
                      ; - java.lang.System::allowSecurityManager@-1
                      ; - java.lang.System::getSecurityManager@0
                      ; - java.lang.Class::getClassLoader@11
                      ; - java.lang.invoke.MethodHandles$Lookup$ClassDefiner::defineClass@9
  0x000001ed5d988f48: 1207 e9ce 

  0x000001ed5d988f4c: ;   {metadata({method} {0x000001ed722cf150} 'lookupClassProtectionDomain' '()Ljava/security/ProtectionDomain;' in 'java/lang/invoke/MethodHandles$Lookup')}
  0x000001ed5d988f4c: f9ff ff49 | ba48 f12c | 72ed 0100 | 004c 8954 | 2408 48c7 | 0424 ffff 

  0x000001ed5d988f64: ;   {runtime_call counter_overflow Runtime1 stub}
  0x000001ed5d988f64: ffff e895 

  0x000001ed5d988f68: ; ImmutableOopMap {rdx=Oop r9=Oop rsi=Oop rdi=Oop rbx=Oop [144]=Oop [152]=Oop [168]=Oop [184]=Oop }
                      ;*synchronization entry
                      ; - java.lang.invoke.MethodHandles$Lookup::lookupClassProtectionDomain@-1
                      ; - java.lang.invoke.MethodHandles$Lookup$ClassDefiner::defineClass@23
  0x000001ed5d988f68: 8912 07e9 | 48fa ffff 

  0x000001ed5d988f70: ;   {metadata({method} {0x000001ed72188c68} 'getJavaLangAccess' '()Ljdk/internal/access/JavaLangAccess;' in 'jdk/internal/access/SharedSecrets')}
  0x000001ed5d988f70: 49ba 608c | 1872 ed01 | 0000 4c89 | 5424 0848 | c704 24ff 

  0x000001ed5d988f84: ;   {runtime_call counter_overflow Runtime1 stub}
  0x000001ed5d988f84: ffff ffe8 

  0x000001ed5d988f88: ; ImmutableOopMap {rsi=Oop [144]=Oop [152]=Oop [160]=Oop [168]=Oop [184]=Oop }
                      ;*synchronization entry
                      ; - jdk.internal.access.SharedSecrets::getJavaLangAccess@-1
                      ; - java.lang.invoke.MethodHandles$Lookup::lookupClassProtectionDomain@10
                      ; - java.lang.invoke.MethodHandles$Lookup$ClassDefiner::defineClass@23
  0x000001ed5d988f88: 7489 1207 | e99a faff 

  0x000001ed5d988f90: ;   {runtime_call throw_incompatible_class_change_error Runtime1 stub}
  0x000001ed5d988f90: ffe8 6a5f 

  0x000001ed5d988f94: ; ImmutableOopMap {rax=Oop rcx=Oop [144]=Oop [152]=Oop [160]=Oop [168]=Oop [184]=Oop }
                      ;*invokeinterface protectionDomain {reexecute=0 rethrow=0 return_oop=0}
                      ; - java.lang.invoke.MethodHandles$Lookup::lookupClassProtectionDomain@17
                      ; - java.lang.invoke.MethodHandles$Lookup$ClassDefiner::defineClass@23
                      ;   {runtime_call throw_null_pointer_exception Runtime1 stub}
  0x000001ed5d988f94: 1207 e865 

  0x000001ed5d988f98: ; ImmutableOopMap {rax=Oop rcx=Oop [144]=Oop [152]=Oop [160]=Oop [168]=Oop [184]=Oop }
                      ;*invokeinterface protectionDomain {reexecute=0 rethrow=0 return_oop=0}
                      ; - java.lang.invoke.MethodHandles$Lookup::lookupClassProtectionDomain@17
                      ; - java.lang.invoke.MethodHandles$Lookup$ClassDefiner::defineClass@23
                      ;   {metadata({method} {0x000001ed721ae430} 'protectionDomain' '(Ljava/lang/Class;)Ljava/security/ProtectionDomain;' in 'java/lang/System$2')}
  0x000001ed5d988f98: 3812 0749 | ba28 e41a | 72ed 0100 | 004c 8954 | 2408 48c7 | 0424 ffff 

  0x000001ed5d988fb0: ;   {runtime_call counter_overflow Runtime1 stub}
  0x000001ed5d988fb0: ffff e849 

  0x000001ed5d988fb4: ; ImmutableOopMap {rcx=Oop [144]=Oop [152]=Oop [160]=Oop [168]=Oop [184]=Oop }
                      ;*synchronization entry
                      ; - java.lang.System$2::protectionDomain@-1
                      ; - java.lang.invoke.MethodHandles$Lookup::lookupClassProtectionDomain@17
                      ; - java.lang.invoke.MethodHandles$Lookup$ClassDefiner::defineClass@23
  0x000001ed5d988fb4: 8912 07e9 | f8fa ffff 

  0x000001ed5d988fbc: ;   {runtime_call throw_null_pointer_exception Runtime1 stub}
  0x000001ed5d988fbc: e83f 3812 

  0x000001ed5d988fc0: ; ImmutableOopMap {rcx=Oop [144]=Oop [152]=Oop [160]=Oop [168]=Oop [184]=Oop }
                      ;*invokevirtual protectionDomain {reexecute=0 rethrow=0 return_oop=0}
                      ; - java.lang.System$2::protectionDomain@1
                      ; - java.lang.invoke.MethodHandles$Lookup::lookupClassProtectionDomain@17
                      ; - java.lang.invoke.MethodHandles$Lookup$ClassDefiner::defineClass@23
  0x000001ed5d988fc0: 0744 8b46 | 1849 83f8 | 000f 8423 | fbff ff4c 

  0x000001ed5d988fd0: ;   {runtime_call g1_pre_barrier_slow}
  0x000001ed5d988fd0: 8904 24e8 | 288f 1207 | e915 fbff | ff48 83f8 | 000f 842c | fbff ff48 

  0x000001ed5d988fe8: ;   {runtime_call g1_post_barrier_slow}
  0x000001ed5d988fe8: 8934 24e8 | 1092 1207 | e91e fbff 

  0x000001ed5d988ff4: ;   {metadata({method} {0x000001ed72188c68} 'getJavaLangAccess' '()Ljdk/internal/access/JavaLangAccess;' in 'jdk/internal/access/SharedSecrets')}
  0x000001ed5d988ff4: ff49 ba60 | 8c18 72ed | 0100 004c | 8954 2408 | 48c7 0424 | ffff ffff 

  0x000001ed5d98900c: ;   {runtime_call counter_overflow Runtime1 stub}
  0x000001ed5d98900c: e8ef 8812 

  0x000001ed5d989010: ; ImmutableOopMap {rax=Oop rdi=Oop rbx=Oop rdx=Oop [152]=Oop [168]=Oop [184]=Oop }
                      ;*synchronization entry
                      ; - jdk.internal.access.SharedSecrets::getJavaLangAccess@-1
                      ; - java.lang.invoke.MethodHandles$Lookup$ClassDefiner::defineClass@35
  0x000001ed5d989010: 07e9 7bfb 

  0x000001ed5d989014: ;   {runtime_call throw_incompatible_class_change_error Runtime1 stub}
  0x000001ed5d989014: ffff e8e5 

  0x000001ed5d989018: ; ImmutableOopMap {rax=Oop rdi=Oop rbx=Oop r14=Oop rsi=Oop rcx=Oop [152]=Oop [168]=Oop [184]=Oop }
                      ;*invokeinterface defineClass {reexecute=0 rethrow=0 return_oop=0}
                      ; - java.lang.invoke.MethodHandles$Lookup$ClassDefiner::defineClass@57
                      ;   {runtime_call throw_null_pointer_exception Runtime1 stub}
  0x000001ed5d989018: 5e12 07e8 

  0x000001ed5d98901c: ; ImmutableOopMap {rax=Oop rdi=Oop rbx=Oop r14=Oop rsi=Oop rcx=Oop [152]=Oop [168]=Oop [184]=Oop }
                      ;*invokeinterface defineClass {reexecute=0 rethrow=0 return_oop=0}
                      ; - java.lang.invoke.MethodHandles$Lookup$ClassDefiner::defineClass@57
  0x000001ed5d98901c: e037 1207 

  0x000001ed5d989020: ;   {runtime_call throw_null_pointer_exception Runtime1 stub}
  0x000001ed5d989020: e8db 3712 

  0x000001ed5d989024: ; ImmutableOopMap {rax=Oop rdx=Oop rsi=Oop [152]=Oop }
                      ;*invokevirtual isEnabled {reexecute=0 rethrow=0 return_oop=0}
                      ; - java.lang.invoke.MethodHandles$Lookup$ClassDefiner::defineClass@105
                      ;   {runtime_call throw_null_pointer_exception Runtime1 stub}
  0x000001ed5d989024: 07e8 d637 

  0x000001ed5d989028: ; ImmutableOopMap {rdx=Oop rax=Oop rsi=Oop [152]=Oop }
                      ;*invokevirtual isEnabled {reexecute=0 rethrow=0 return_oop=0}
                      ; - java.lang.invoke.MethodHandles$Lookup$ClassDefiner::defineClass@162
                      ;   {internal_word}
  0x000001ed5d989028: 1207 49ba | 1d8e 985d | ed01 0000 | 4d89 9760 

  0x000001ed5d989038: ;   {runtime_call SafepointBlob}
  0x000001ed5d989038: 0400 00e9 | c0c6 0607 

  0x000001ed5d989040: ;   {internal_word}
  0x000001ed5d989040: 49ba 748e | 985d ed01 | 0000 4d89 | 9760 0400 

  0x000001ed5d989050: ;   {runtime_call SafepointBlob}
  0x000001ed5d989050: 00e9 aac6 | 0607 498b | 87f8 0400 | 0049 c787 | f804 0000 | 0000 0000 | 49c7 8700 | 0500 0000 
  0x000001ed5d989070: 0000 0048 | 81c4 e000 

  0x000001ed5d989078: ;   {runtime_call unwind_exception Runtime1 stub}
  0x000001ed5d989078: 0000 5de9 | 8028 1207 
[Stub Code]
  0x000001ed5d989080: ;   {no_reloc}
  0x000001ed5d989080: 0f1f 4400 

  0x000001ed5d989084: ;   {static_stub}
  0x000001ed5d989084: 0048 bb00 | 0000 0000 

  0x000001ed5d98908c: ;   {runtime_call nmethod}
  0x000001ed5d98908c: 0000 00e9 | fbff ffff 

  0x000001ed5d989094: ;   {static_stub}
  0x000001ed5d989094: 48bb e8b6 | 0172 ed01 

  0x000001ed5d98909c: ;   {runtime_call I2C/C2I adapters}
  0x000001ed5d98909c: 0000 e9b7 

  0x000001ed5d9890a0: ;   {static_stub}
  0x000001ed5d9890a0: a306 0748 | bb00 0000 | 0000 0000 

  0x000001ed5d9890ac: ;   {runtime_call nmethod}
  0x000001ed5d9890ac: 00e9 fbff 

  0x000001ed5d9890b0: ;   {static_stub}
  0x000001ed5d9890b0: ffff 48bb | 0000 0000 | 0000 0000 

  0x000001ed5d9890bc: ;   {runtime_call nmethod}
  0x000001ed5d9890bc: e9fb ffff 

  0x000001ed5d9890c0: ;   {runtime_call handle_exception_from_callee Runtime1 stub}
  0x000001ed5d9890c0: ffe8 3a55 

  0x000001ed5d9890c4: ;   {external_word}
  0x000001ed5d9890c4: 1207 48b9 | 7061 6ecf | fa7f 0000 | 4883 e4f0 

  0x000001ed5d9890d4: ;   {runtime_call}
  0x000001ed5d9890d4: 48b8 10cd | 3ccf fa7f | 0000 ffd0 

  0x000001ed5d9890e0: ;   {section_word}
  0x000001ed5d9890e0: f449 bae1 | 9098 5ded | 0100 0041 

  0x000001ed5d9890ec: ;   {runtime_call DeoptimizationBlob}
  0x000001ed5d9890ec: 52e9 aeb8 | 0607 f4f4 | f4f4 f4f4 
[/MachCode]


---------------  P R O C E S S  ---------------

Threads class SMR info:
_java_thread_list=0x000001ed779420d0, length=57, elements={
0x000001ed58102bb0, 0x000001ed712edef0, 0x000001ed7131f930, 0x000001ed71313080,
0x000001ed71315650, 0x000001ed7133f240, 0x000001ed7133fca0, 0x000001ed71348a40,
0x000001ed7134b4b0, 0x000001ed71330910, 0x000001ed7172f890, 0x000001ed7678b1b0,
0x000001ed71ad7d80, 0x000001ed76516350, 0x000001ed76830d20, 0x000001ed764ad9a0,
0x000001ed71acfbf0, 0x000001ed71a8fb90, 0x000001ed7704c370, 0x000001ed7704d090,
0x000001ed7704d720, 0x000001ed7704ca00, 0x000001ed7704ddb0, 0x000001ed7704e440,
0x000001ed7704f160, 0x000001ed7704bce0, 0x000001ed77852030, 0x000001ed778533e0,
0x000001ed77854100, 0x000001ed77854790, 0x000001ed77852d50, 0x000001ed77853a70,
0x000001ed778519a0, 0x000001ed778526c0, 0x000001ed76f5f0f0, 0x000001ed76f611c0,
0x000001ed76f61ee0, 0x000001ed76f62570, 0x000001ed76f5fe10, 0x000001ed76f5f780,
0x000001ed76f60b30, 0x000001ed76f604a0, 0x000001ed77550ad0, 0x000001ed7754f090,
0x000001ed77551160, 0x000001ed77554c70, 0x000001ed77551e80, 0x000001ed77553230,
0x000001ed77553f50, 0x000001ed775545e0, 0x000001ed7754ea00, 0x000001ed77552ba0,
0x000001ed77552510, 0x000001ed7754fdb0, 0x000001ed77550440, 0x000001ed77555300,
0x000001ed77555990
}

Java Threads: ( => current thread )
  0x000001ed58102bb0 JavaThread "main"                              [_thread_blocked, id=3852, stack(0x000000cbe3b00000,0x000000cbe3c00000) (1024K)]
  0x000001ed712edef0 JavaThread "Common-Cleaner"             daemon [_thread_blocked, id=1316, stack(0x000000cbe4300000,0x000000cbe4400000) (1024K)]
  0x000001ed7131f930 JavaThread "Reference Handler"          daemon [_thread_blocked, id=17788, stack(0x000000cbe4400000,0x000000cbe4500000) (1024K)]
  0x000001ed71313080 JavaThread "Finalizer"                  daemon [_thread_blocked, id=8944, stack(0x000000cbe4500000,0x000000cbe4600000) (1024K)]
  0x000001ed71315650 JavaThread "Signal Dispatcher"          daemon [_thread_blocked, id=2124, stack(0x000000cbe4600000,0x000000cbe4700000) (1024K)]
  0x000001ed7133f240 JavaThread "Attach Listener"            daemon [_thread_blocked, id=1968, stack(0x000000cbe4700000,0x000000cbe4800000) (1024K)]
  0x000001ed7133fca0 JavaThread "Service Thread"             daemon [_thread_blocked, id=14816, stack(0x000000cbe4800000,0x000000cbe4900000) (1024K)]
  0x000001ed71348a40 JavaThread "Monitor Deflation Thread"   daemon [_thread_blocked, id=17292, stack(0x000000cbe4900000,0x000000cbe4a00000) (1024K)]
  0x000001ed7134b4b0 JavaThread "C2 CompilerThread0"         daemon [_thread_blocked, id=3500, stack(0x000000cbe4a00000,0x000000cbe4b00000) (1024K)]
  0x000001ed71330910 JavaThread "C1 CompilerThread0"         daemon [_thread_blocked, id=9652, stack(0x000000cbe4b00000,0x000000cbe4c00000) (1024K)]
  0x000001ed7172f890 JavaThread "Notification Thread"        daemon [_thread_blocked, id=9096, stack(0x000000cbe4c00000,0x000000cbe4d00000) (1024K)]
  0x000001ed7678b1b0 JavaThread "Daemon health stats"               [_thread_blocked, id=14064, stack(0x000000cbe5000000,0x000000cbe5100000) (1024K)]
  0x000001ed71ad7d80 JavaThread "Incoming local TCP Connector on port 57698"        [_thread_in_native, id=5548, stack(0x000000cbe5100000,0x000000cbe5200000) (1024K)]
  0x000001ed76516350 JavaThread "Daemon periodic checks"            [_thread_blocked, id=16020, stack(0x000000cbe5200000,0x000000cbe5300000) (1024K)]
  0x000001ed76830d20 JavaThread "Daemon"                            [_thread_blocked, id=17288, stack(0x000000cbe5300000,0x000000cbe5400000) (1024K)]
  0x000001ed764ad9a0 JavaThread "Handler for socket connection from /127.0.0.1:57698 to /127.0.0.1:49583"        [_thread_in_native, id=12836, stack(0x000000cbe5400000,0x000000cbe5500000) (1024K)]
  0x000001ed71acfbf0 JavaThread "Cancel handler"                    [_thread_blocked, id=5028, stack(0x000000cbe5500000,0x000000cbe5600000) (1024K)]
=>0x000001ed71a8fb90 JavaThread "Daemon worker"                     [_thread_in_vm, id=8128, stack(0x000000cbe5600000,0x000000cbe5700000) (1024K)]
  0x000001ed7704c370 JavaThread "Asynchronous log dispatcher for DefaultDaemonConnection: socket connection from /127.0.0.1:57698 to /127.0.0.1:49583"        [_thread_blocked, id=6404, stack(0x000000cbe5700000,0x000000cbe5800000) (1024K)]
  0x000001ed7704d090 JavaThread "Stdin handler"                     [_thread_blocked, id=5908, stack(0x000000cbe5800000,0x000000cbe5900000) (1024K)]
  0x000001ed7704d720 JavaThread "Daemon client event forwarder"        [_thread_blocked, id=16320, stack(0x000000cbe5900000,0x000000cbe5a00000) (1024K)]
  0x000001ed7704ca00 JavaThread "Cache worker for journal cache (C:\Users\NOTEBOOK\.gradle\caches\journal-1)"        [_thread_blocked, id=2116, stack(0x000000cbe5a00000,0x000000cbe5b00000) (1024K)]
  0x000001ed7704ddb0 JavaThread "File lock request listener"        [_thread_in_native, id=12856, stack(0x000000cbe5b00000,0x000000cbe5c00000) (1024K)]
  0x000001ed7704e440 JavaThread "Cache worker for file hash cache (C:\Users\NOTEBOOK\.gradle\caches\8.13\fileHashes)"        [_thread_blocked, id=8640, stack(0x000000cbe5c00000,0x000000cbe5d00000) (1024K)]
  0x000001ed7704f160 JavaThread "Cache worker for file hash cache (C:\Users\NOTEBOOK\AndroidStudioProjects\billrt\.gradle\8.13\fileHashes)"        [_thread_blocked, id=10712, stack(0x000000cbe5d00000,0x000000cbe5e00000) (1024K)]
  0x000001ed7704bce0 JavaThread "Cache worker for Build Output Cleanup Cache (C:\Users\NOTEBOOK\AndroidStudioProjects\billrt\.gradle\buildOutputCleanup)"        [_thread_blocked, id=13732, stack(0x000000cbe5e00000,0x000000cbe5f00000) (1024K)]
  0x000001ed77852030 JavaThread "File watcher server"        daemon [_thread_in_native, id=7836, stack(0x000000cbe5f00000,0x000000cbe6000000) (1024K)]
  0x000001ed778533e0 JavaThread "File watcher consumer"      daemon [_thread_blocked, id=14872, stack(0x000000cbe6000000,0x000000cbe6100000) (1024K)]
  0x000001ed77854100 JavaThread "jar transforms"                    [_thread_blocked, id=14900, stack(0x000000cbe6100000,0x000000cbe6200000) (1024K)]
  0x000001ed77854790 JavaThread "jar transforms Thread 2"           [_thread_blocked, id=2192, stack(0x000000cbe6200000,0x000000cbe6300000) (1024K)]
  0x000001ed77852d50 JavaThread "Cache worker for checksums cache (C:\Users\NOTEBOOK\AndroidStudioProjects\billrt\.gradle\8.13\checksums)"        [_thread_blocked, id=17280, stack(0x000000cbe6300000,0x000000cbe6400000) (1024K)]
  0x000001ed77853a70 JavaThread "Cache worker for file content cache (C:\Users\NOTEBOOK\.gradle\caches\8.13\fileContent)"        [_thread_blocked, id=16644, stack(0x000000cbe6400000,0x000000cbe6500000) (1024K)]
  0x000001ed778519a0 JavaThread "jar transforms Thread 3"           [_thread_blocked, id=9704, stack(0x000000cbe6500000,0x000000cbe6600000) (1024K)]
  0x000001ed778526c0 JavaThread "Cache worker for cache directory md-supplier (C:\Users\NOTEBOOK\.gradle\caches\8.13\md-supplier)"        [_thread_blocked, id=14024, stack(0x000000cbe6600000,0x000000cbe6700000) (1024K)]
  0x000001ed76f5f0f0 JavaThread "Cache worker for cache directory md-rule (C:\Users\NOTEBOOK\.gradle\caches\8.13\md-rule)"        [_thread_blocked, id=16740, stack(0x000000cbe6700000,0x000000cbe6800000) (1024K)]
  0x000001ed76f611c0 JavaThread "Unconstrained build operations"        [_thread_blocked, id=17392, stack(0x000000cbe6800000,0x000000cbe6900000) (1024K)]
  0x000001ed76f61ee0 JavaThread "Unconstrained build operations Thread 2"        [_thread_blocked, id=1064, stack(0x000000cbe6900000,0x000000cbe6a00000) (1024K)]
  0x000001ed76f62570 JavaThread "Unconstrained build operations Thread 3"        [_thread_blocked, id=14752, stack(0x000000cbe6a00000,0x000000cbe6b00000) (1024K)]
  0x000001ed76f5fe10 JavaThread "Unconstrained build operations Thread 4"        [_thread_blocked, id=11556, stack(0x000000cbe6b00000,0x000000cbe6c00000) (1024K)]
  0x000001ed76f5f780 JavaThread "Unconstrained build operations Thread 5"        [_thread_blocked, id=15328, stack(0x000000cbe6c00000,0x000000cbe6d00000) (1024K)]
  0x000001ed76f60b30 JavaThread "Unconstrained build operations Thread 6"        [_thread_blocked, id=11668, stack(0x000000cbe6d00000,0x000000cbe6e00000) (1024K)]
  0x000001ed76f604a0 JavaThread "jar transforms Thread 4"           [_thread_blocked, id=9816, stack(0x000000cbe6e00000,0x000000cbe6f00000) (1024K)]
  0x000001ed77550ad0 JavaThread "Unconstrained build operations Thread 7"        [_thread_blocked, id=12816, stack(0x000000cbe6f00000,0x000000cbe7000000) (1024K)]
  0x000001ed7754f090 JavaThread "Unconstrained build operations Thread 8"        [_thread_blocked, id=12680, stack(0x000000cbe7000000,0x000000cbe7100000) (1024K)]
  0x000001ed77551160 JavaThread "Unconstrained build operations Thread 9"        [_thread_blocked, id=12828, stack(0x000000cbe7100000,0x000000cbe7200000) (1024K)]
  0x000001ed77554c70 JavaThread "Unconstrained build operations Thread 10"        [_thread_blocked, id=2852, stack(0x000000cbe7200000,0x000000cbe7300000) (1024K)]
  0x000001ed77551e80 JavaThread "Unconstrained build operations Thread 11"        [_thread_blocked, id=9640, stack(0x000000cbe7300000,0x000000cbe7400000) (1024K)]
  0x000001ed77553230 JavaThread "Unconstrained build operations Thread 12"        [_thread_blocked, id=10704, stack(0x000000cbe7400000,0x000000cbe7500000) (1024K)]
  0x000001ed77553f50 JavaThread "Unconstrained build operations Thread 13"        [_thread_blocked, id=17928, stack(0x000000cbe7500000,0x000000cbe7600000) (1024K)]
  0x000001ed775545e0 JavaThread "Unconstrained build operations Thread 14"        [_thread_blocked, id=10740, stack(0x000000cbe7600000,0x000000cbe7700000) (1024K)]
  0x000001ed7754ea00 JavaThread "Unconstrained build operations Thread 15"        [_thread_blocked, id=15696, stack(0x000000cbe7700000,0x000000cbe7800000) (1024K)]
  0x000001ed77552ba0 JavaThread "Unconstrained build operations Thread 16"        [_thread_blocked, id=2788, stack(0x000000cbe7800000,0x000000cbe7900000) (1024K)]
  0x000001ed77552510 JavaThread "Unconstrained build operations Thread 17"        [_thread_blocked, id=8072, stack(0x000000cbe7900000,0x000000cbe7a00000) (1024K)]
  0x000001ed7754fdb0 JavaThread "Unconstrained build operations Thread 18"        [_thread_blocked, id=10300, stack(0x000000cbe7a00000,0x000000cbe7b00000) (1024K)]
  0x000001ed77550440 JavaThread "build event listener"              [_thread_blocked, id=18200, stack(0x000000cbe7b00000,0x000000cbe7c00000) (1024K)]
  0x000001ed77555300 JavaThread "Memory manager"                    [_thread_blocked, id=15140, stack(0x000000cbe7c00000,0x000000cbe7d00000) (1024K)]
  0x000001ed77555990 JavaThread "build event listener"              [_thread_blocked, id=5412, stack(0x000000cbe7d00000,0x000000cbe7e00000) (1024K)]
Total: 57

Other Threads:
  0x000001ed71113090 VMThread "VM Thread"                           [id=12408, stack(0x000000cbe4200000,0x000000cbe4300000) (1024K)]
  0x000001ed710fff10 WatcherThread "VM Periodic Task Thread"        [id=5444, stack(0x000000cbe4100000,0x000000cbe4200000) (1024K)]
  0x000001ed5a366260 WorkerThread "GC Thread#0"                     [id=16396, stack(0x000000cbe3c00000,0x000000cbe3d00000) (1024K)]
  0x000001ed711137d0 WorkerThread "GC Thread#1"                     [id=16884, stack(0x000000cbe4d00000,0x000000cbe4e00000) (1024K)]
  0x000001ed71113b70 WorkerThread "GC Thread#2"                     [id=12440, stack(0x000000cbe4e00000,0x000000cbe4f00000) (1024K)]
  0x000001ed711125b0 WorkerThread "GC Thread#3"                     [id=17396, stack(0x000000cbe4f00000,0x000000cbe5000000) (1024K)]
  0x000001ed5a3772c0 ConcurrentGCThread "G1 Main Marker"            [id=15316, stack(0x000000cbe3d00000,0x000000cbe3e00000) (1024K)]
  0x000001ed5a378470 WorkerThread "G1 Conc#0"                       [id=18216, stack(0x000000cbe3e00000,0x000000cbe3f00000) (1024K)]
  0x000001ed5a3de750 ConcurrentGCThread "G1 Refine#0"               [id=7548, stack(0x000000cbe3f00000,0x000000cbe4000000) (1024K)]
  0x000001ed70fc5330 ConcurrentGCThread "G1 Service"                [id=17732, stack(0x000000cbe4000000,0x000000cbe4100000) (1024K)]
Total: 10

Threads with active compile tasks:
Total: 0

VM state: not at safepoint (normal execution)

VM Mutex/Monitor currently owned by a thread:  ([mutex/lock_event])
[0x00007ffacf956438] Metaspace_lock - owner thread: 0x000001ed71a8fb90

Heap address: 0x0000000080000000, size: 2048 MB, Compressed Oops mode: 32-bit

CDS archive(s) not mapped
Compressed class space mapped at: 0x0000000100000000-0x0000000140000000, reserved size: 1073741824
Narrow klass base: 0x0000000000000000, Narrow klass shift: 3, Narrow klass range: 0x140000000

GC Precious Log:
 CardTable entry size: 512
 Card Set container configuration: InlinePtr #cards 5 size 8 Array Of Cards #cards 12 size 40 Howl #buckets 4 coarsen threshold 1843 Howl Bitmap #cards 512 size 80 coarsen threshold 460 Card regions per heap region 1 cards per card region 2048
 CPUs: 4 total, 4 available
 Memory: 8072M
 Large Page Support: Disabled
 NUMA Support: Disabled
 Compressed Oops: Enabled (32-bit)
 Heap Region Size: 1M
 Heap Min Capacity: 8M
 Heap Initial Capacity: 128M
 Heap Max Capacity: 2G
 Pre-touch: Disabled
 Parallel Workers: 4
 Concurrent Workers: 1
 Concurrent Refinement Workers: 4
 Periodic GC: Disabled

Heap:
 garbage-first heap   total 171008K, used 147362K [0x0000000080000000, 0x0000000100000000)
  region size 1024K, 49 young (50176K), 4 survivors (4096K)
 Metaspace       used 108193K, committed 110336K, reserved 1179648K
  class space    used 15247K, committed 16320K, reserved 1048576K

Heap Regions: E=young(eden), S=young(survivor), O=old, HS=humongous(starts), HC=humongous(continues), CS=collection set, F=free, TAMS=top-at-mark-start, PB=parsable bottom
|   0|0x0000000080000000, 0x0000000080100000, 0x0000000080100000|100%|HS|  |TAMS 0x0000000080000000| PB 0x0000000080000000| Complete 
|   1|0x0000000080100000, 0x0000000080200000, 0x0000000080200000|100%|HC|  |TAMS 0x0000000080100000| PB 0x0000000080100000| Complete 
|   2|0x0000000080200000, 0x0000000080300000, 0x0000000080300000|100%|HC|  |TAMS 0x0000000080200000| PB 0x0000000080200000| Complete 
|   3|0x0000000080300000, 0x0000000080400000, 0x0000000080400000|100%| O|  |TAMS 0x0000000080300000| PB 0x0000000080300000| Untracked 
|   4|0x0000000080400000, 0x0000000080500000, 0x0000000080500000|100%| O|  |TAMS 0x0000000080400000| PB 0x0000000080400000| Untracked 
|   5|0x0000000080500000, 0x0000000080600000, 0x0000000080600000|100%| O|  |TAMS 0x0000000080500000| PB 0x0000000080500000| Untracked 
|   6|0x0000000080600000, 0x0000000080700000, 0x0000000080700000|100%|HS|  |TAMS 0x0000000080600000| PB 0x0000000080600000| Complete 
|   7|0x0000000080700000, 0x0000000080800000, 0x0000000080800000|100%| O|  |TAMS 0x0000000080700000| PB 0x0000000080700000| Untracked 
|   8|0x0000000080800000, 0x0000000080900000, 0x0000000080900000|100%| O|  |TAMS 0x0000000080800000| PB 0x0000000080800000| Untracked 
|   9|0x0000000080900000, 0x0000000080a00000, 0x0000000080a00000|100%| O|  |TAMS 0x0000000080900000| PB 0x0000000080900000| Untracked 
|  10|0x0000000080a00000, 0x0000000080b00000, 0x0000000080b00000|100%| O|  |TAMS 0x0000000080a00000| PB 0x0000000080a00000| Untracked 
|  11|0x0000000080b00000, 0x0000000080c00000, 0x0000000080c00000|100%| O|  |TAMS 0x0000000080b00000| PB 0x0000000080b00000| Untracked 
|  12|0x0000000080c00000, 0x0000000080d00000, 0x0000000080d00000|100%| O|  |TAMS 0x0000000080c00000| PB 0x0000000080c00000| Untracked 
|  13|0x0000000080d00000, 0x0000000080e00000, 0x0000000080e00000|100%| O|  |TAMS 0x0000000080d00000| PB 0x0000000080d00000| Untracked 
|  14|0x0000000080e00000, 0x0000000080f00000, 0x0000000080f00000|100%| O|  |TAMS 0x0000000080e00000| PB 0x0000000080e00000| Untracked 
|  15|0x0000000080f00000, 0x0000000081000000, 0x0000000081000000|100%| O|  |TAMS 0x0000000080f00000| PB 0x0000000080f00000| Untracked 
|  16|0x0000000081000000, 0x0000000081100000, 0x0000000081100000|100%| O|  |TAMS 0x0000000081000000| PB 0x0000000081000000| Untracked 
|  17|0x0000000081100000, 0x0000000081200000, 0x0000000081200000|100%| O|  |TAMS 0x0000000081100000| PB 0x0000000081100000| Untracked 
|  18|0x0000000081200000, 0x0000000081300000, 0x0000000081300000|100%| O|  |TAMS 0x0000000081200000| PB 0x0000000081200000| Untracked 
|  19|0x0000000081300000, 0x0000000081400000, 0x0000000081400000|100%| O|  |TAMS 0x0000000081300000| PB 0x0000000081300000| Untracked 
|  20|0x0000000081400000, 0x0000000081500000, 0x0000000081500000|100%| O|  |TAMS 0x0000000081400000| PB 0x0000000081400000| Untracked 
|  21|0x0000000081500000, 0x0000000081600000, 0x0000000081600000|100%| O|  |TAMS 0x0000000081500000| PB 0x0000000081500000| Untracked 
|  22|0x0000000081600000, 0x0000000081700000, 0x0000000081700000|100%| O|  |TAMS 0x0000000081600000| PB 0x0000000081600000| Untracked 
|  23|0x0000000081700000, 0x0000000081800000, 0x0000000081800000|100%| O|  |TAMS 0x0000000081700000| PB 0x0000000081700000| Untracked 
|  24|0x0000000081800000, 0x0000000081900000, 0x0000000081900000|100%| O|  |TAMS 0x0000000081800000| PB 0x0000000081800000| Untracked 
|  25|0x0000000081900000, 0x0000000081a00000, 0x0000000081a00000|100%| O|  |TAMS 0x0000000081900000| PB 0x0000000081900000| Untracked 
|  26|0x0000000081a00000, 0x0000000081b00000, 0x0000000081b00000|100%| O|  |TAMS 0x0000000081a00000| PB 0x0000000081a00000| Untracked 
|  27|0x0000000081b00000, 0x0000000081c00000, 0x0000000081c00000|100%| O|  |TAMS 0x0000000081b00000| PB 0x0000000081b00000| Untracked 
|  28|0x0000000081c00000, 0x0000000081d00000, 0x0000000081d00000|100%| O|  |TAMS 0x0000000081c00000| PB 0x0000000081c00000| Untracked 
|  29|0x0000000081d00000, 0x0000000081e00000, 0x0000000081e00000|100%| O|  |TAMS 0x0000000081d00000| PB 0x0000000081d00000| Untracked 
|  30|0x0000000081e00000, 0x0000000081f00000, 0x0000000081f00000|100%| O|  |TAMS 0x0000000081e00000| PB 0x0000000081e00000| Untracked 
|  31|0x0000000081f00000, 0x0000000082000000, 0x0000000082000000|100%| O|  |TAMS 0x0000000081f00000| PB 0x0000000081f00000| Untracked 
|  32|0x0000000082000000, 0x0000000082100000, 0x0000000082100000|100%|HS|  |TAMS 0x0000000082000000| PB 0x0000000082000000| Complete 
|  33|0x0000000082100000, 0x0000000082200000, 0x0000000082200000|100%| O|  |TAMS 0x0000000082100000| PB 0x0000000082100000| Untracked 
|  34|0x0000000082200000, 0x0000000082300000, 0x0000000082300000|100%|HS|  |TAMS 0x0000000082200000| PB 0x0000000082200000| Complete 
|  35|0x0000000082300000, 0x0000000082400000, 0x0000000082400000|100%|HC|  |TAMS 0x0000000082300000| PB 0x0000000082300000| Complete 
|  36|0x0000000082400000, 0x0000000082500000, 0x0000000082500000|100%| O|  |TAMS 0x0000000082400000| PB 0x0000000082400000| Untracked 
|  37|0x0000000082500000, 0x0000000082600000, 0x0000000082600000|100%| O|  |TAMS 0x0000000082500000| PB 0x0000000082500000| Untracked 
|  38|0x0000000082600000, 0x0000000082700000, 0x0000000082700000|100%| O|  |TAMS 0x0000000082600000| PB 0x0000000082600000| Untracked 
|  39|0x0000000082700000, 0x0000000082800000, 0x0000000082800000|100%| O|  |TAMS 0x0000000082700000| PB 0x0000000082700000| Untracked 
|  40|0x0000000082800000, 0x0000000082900000, 0x0000000082900000|100%| O|  |TAMS 0x0000000082800000| PB 0x0000000082800000| Untracked 
|  41|0x0000000082900000, 0x0000000082a00000, 0x0000000082a00000|100%| O|  |TAMS 0x0000000082900000| PB 0x0000000082900000| Untracked 
|  42|0x0000000082a00000, 0x0000000082b00000, 0x0000000082b00000|100%| O|  |TAMS 0x0000000082a00000| PB 0x0000000082a00000| Untracked 
|  43|0x0000000082b00000, 0x0000000082c00000, 0x0000000082c00000|100%| O|  |TAMS 0x0000000082b00000| PB 0x0000000082b00000| Untracked 
|  44|0x0000000082c00000, 0x0000000082d00000, 0x0000000082d00000|100%| O|  |TAMS 0x0000000082c00000| PB 0x0000000082c00000| Untracked 
|  45|0x0000000082d00000, 0x0000000082e00000, 0x0000000082e00000|100%|HS|  |TAMS 0x0000000082d00000| PB 0x0000000082d00000| Complete 
|  46|0x0000000082e00000, 0x0000000082f00000, 0x0000000082f00000|100%| O|  |TAMS 0x0000000082e00000| PB 0x0000000082e00000| Untracked 
|  47|0x0000000082f00000, 0x0000000083000000, 0x0000000083000000|100%| O|  |TAMS 0x0000000082f00000| PB 0x0000000082f00000| Untracked 
|  48|0x0000000083000000, 0x0000000083100000, 0x0000000083100000|100%| O|  |TAMS 0x0000000083000000| PB 0x0000000083000000| Untracked 
|  49|0x0000000083100000, 0x0000000083200000, 0x0000000083200000|100%| O|  |TAMS 0x0000000083100000| PB 0x0000000083100000| Untracked 
|  50|0x0000000083200000, 0x0000000083300000, 0x0000000083300000|100%| O|  |TAMS 0x0000000083200000| PB 0x0000000083200000| Untracked 
|  51|0x0000000083300000, 0x0000000083400000, 0x0000000083400000|100%| O|  |TAMS 0x0000000083300000| PB 0x0000000083300000| Untracked 
|  52|0x0000000083400000, 0x0000000083500000, 0x0000000083500000|100%|HS|  |TAMS 0x0000000083400000| PB 0x0000000083400000| Complete 
|  53|0x0000000083500000, 0x0000000083600000, 0x0000000083600000|100%| O|  |TAMS 0x0000000083500000| PB 0x0000000083500000| Untracked 
|  54|0x0000000083600000, 0x0000000083700000, 0x0000000083700000|100%|HS|  |TAMS 0x0000000083600000| PB 0x0000000083600000| Complete 
|  55|0x0000000083700000, 0x0000000083800000, 0x0000000083800000|100%|HC|  |TAMS 0x0000000083700000| PB 0x0000000083700000| Complete 
|  56|0x0000000083800000, 0x0000000083900000, 0x0000000083900000|100%| O|  |TAMS 0x0000000083800000| PB 0x0000000083800000| Untracked 
|  57|0x0000000083900000, 0x0000000083a00000, 0x0000000083a00000|100%|HS|  |TAMS 0x0000000083900000| PB 0x0000000083900000| Complete 
|  58|0x0000000083a00000, 0x0000000083b00000, 0x0000000083b00000|100%|HS|  |TAMS 0x0000000083a00000| PB 0x0000000083a00000| Complete 
|  59|0x0000000083b00000, 0x0000000083c00000, 0x0000000083c00000|100%|HC|  |TAMS 0x0000000083b00000| PB 0x0000000083b00000| Complete 
|  60|0x0000000083c00000, 0x0000000083d00000, 0x0000000083d00000|100%|HS|  |TAMS 0x0000000083c00000| PB 0x0000000083c00000| Complete 
|  61|0x0000000083d00000, 0x0000000083e00000, 0x0000000083e00000|100%| O|  |TAMS 0x0000000083d00000| PB 0x0000000083d00000| Untracked 
|  62|0x0000000083e00000, 0x0000000083f00000, 0x0000000083f00000|100%| O|  |TAMS 0x0000000083e00000| PB 0x0000000083e00000| Untracked 
|  63|0x0000000083f00000, 0x0000000084000000, 0x0000000084000000|100%|HS|  |TAMS 0x0000000083f00000| PB 0x0000000083f00000| Complete 
|  64|0x0000000084000000, 0x0000000084100000, 0x0000000084100000|100%|HC|  |TAMS 0x0000000084000000| PB 0x0000000084000000| Complete 
|  65|0x0000000084100000, 0x0000000084200000, 0x0000000084200000|100%|HC|  |TAMS 0x0000000084100000| PB 0x0000000084100000| Complete 
|  66|0x0000000084200000, 0x0000000084300000, 0x0000000084300000|100%|HS|  |TAMS 0x0000000084200000| PB 0x0000000084200000| Complete 
|  67|0x0000000084300000, 0x0000000084400000, 0x0000000084400000|100%| O|  |TAMS 0x0000000084300000| PB 0x0000000084300000| Untracked 
|  68|0x0000000084400000, 0x0000000084500000, 0x0000000084500000|100%| O|  |TAMS 0x0000000084400000| PB 0x0000000084400000| Untracked 
|  69|0x0000000084500000, 0x0000000084600000, 0x0000000084600000|100%| O|  |TAMS 0x0000000084500000| PB 0x0000000084500000| Untracked 
|  70|0x0000000084600000, 0x0000000084700000, 0x0000000084700000|100%| O|  |TAMS 0x0000000084600000| PB 0x0000000084600000| Untracked 
|  71|0x0000000084700000, 0x0000000084800000, 0x0000000084800000|100%| O|  |TAMS 0x0000000084700000| PB 0x0000000084700000| Untracked 
|  72|0x0000000084800000, 0x0000000084900000, 0x0000000084900000|100%| O|  |TAMS 0x0000000084800000| PB 0x0000000084800000| Untracked 
|  73|0x0000000084900000, 0x0000000084a00000, 0x0000000084a00000|100%| O|  |TAMS 0x0000000084900000| PB 0x0000000084900000| Untracked 
|  74|0x0000000084a00000, 0x0000000084b00000, 0x0000000084b00000|100%| O|  |TAMS 0x0000000084a00000| PB 0x0000000084a00000| Untracked 
|  75|0x0000000084b00000, 0x0000000084c00000, 0x0000000084c00000|100%|HS|  |TAMS 0x0000000084b00000| PB 0x0000000084b00000| Complete 
|  76|0x0000000084c00000, 0x0000000084d00000, 0x0000000084d00000|100%| O|  |TAMS 0x0000000084c00000| PB 0x0000000084c00000| Untracked 
|  77|0x0000000084d00000, 0x0000000084e00000, 0x0000000084e00000|100%| O|  |TAMS 0x0000000084d00000| PB 0x0000000084d00000| Untracked 
|  78|0x0000000084e00000, 0x0000000084f00000, 0x0000000084f00000|100%| O|  |TAMS 0x0000000084e00000| PB 0x0000000084e00000| Untracked 
|  79|0x0000000084f00000, 0x0000000085000000, 0x0000000085000000|100%| O|  |TAMS 0x0000000084f00000| PB 0x0000000084f00000| Untracked 
|  80|0x0000000085000000, 0x0000000085100000, 0x0000000085100000|100%|HS|  |TAMS 0x0000000085000000| PB 0x0000000085000000| Complete 
|  81|0x0000000085100000, 0x0000000085200000, 0x0000000085200000|100%|HC|  |TAMS 0x0000000085100000| PB 0x0000000085100000| Complete 
|  82|0x0000000085200000, 0x0000000085300000, 0x0000000085300000|100%|HC|  |TAMS 0x0000000085200000| PB 0x0000000085200000| Complete 
|  83|0x0000000085300000, 0x0000000085400000, 0x0000000085400000|100%| O|  |TAMS 0x0000000085300000| PB 0x0000000085300000| Untracked 
|  84|0x0000000085400000, 0x0000000085500000, 0x0000000085500000|100%| O|  |TAMS 0x0000000085400000| PB 0x0000000085400000| Untracked 
|  85|0x0000000085500000, 0x0000000085600000, 0x0000000085600000|100%| O|  |TAMS 0x0000000085500000| PB 0x0000000085500000| Untracked 
|  86|0x0000000085600000, 0x0000000085700000, 0x0000000085700000|100%| O|  |TAMS 0x0000000085600000| PB 0x0000000085600000| Untracked 
|  87|0x0000000085700000, 0x0000000085800000, 0x0000000085800000|100%| O|  |TAMS 0x0000000085700000| PB 0x0000000085700000| Untracked 
|  88|0x0000000085800000, 0x0000000085900000, 0x0000000085900000|100%| O|  |TAMS 0x0000000085800000| PB 0x0000000085800000| Untracked 
|  89|0x0000000085900000, 0x0000000085a00000, 0x0000000085a00000|100%| O|  |TAMS 0x0000000085900000| PB 0x0000000085900000| Untracked 
|  90|0x0000000085a00000, 0x0000000085b00000, 0x0000000085b00000|100%| O|  |TAMS 0x0000000085a00000| PB 0x0000000085a00000| Untracked 
|  91|0x0000000085b00000, 0x0000000085c00000, 0x0000000085c00000|100%| O|  |TAMS 0x0000000085b00000| PB 0x0000000085b00000| Untracked 
|  92|0x0000000085c00000, 0x0000000085d00000, 0x0000000085d00000|100%| O|  |TAMS 0x0000000085c00000| PB 0x0000000085c00000| Untracked 
|  93|0x0000000085d00000, 0x0000000085d522a0, 0x0000000085e00000| 32%| O|  |TAMS 0x0000000085d00000| PB 0x0000000085d00000| Untracked 
|  94|0x0000000085e00000, 0x0000000085e00000, 0x0000000085f00000|  0%| F|  |TAMS 0x0000000085e00000| PB 0x0000000085e00000| Untracked 
|  95|0x0000000085f00000, 0x0000000085f00000, 0x0000000086000000|  0%| F|  |TAMS 0x0000000085f00000| PB 0x0000000085f00000| Untracked 
|  96|0x0000000086000000, 0x0000000086000000, 0x0000000086100000|  0%| F|  |TAMS 0x0000000086000000| PB 0x0000000086000000| Untracked 
|  97|0x0000000086100000, 0x0000000086100000, 0x0000000086200000|  0%| F|  |TAMS 0x0000000086100000| PB 0x0000000086100000| Untracked 
|  98|0x0000000086200000, 0x0000000086200000, 0x0000000086300000|  0%| F|  |TAMS 0x0000000086200000| PB 0x0000000086200000| Untracked 
|  99|0x0000000086300000, 0x0000000086300000, 0x0000000086400000|  0%| F|  |TAMS 0x0000000086300000| PB 0x0000000086300000| Untracked 
| 100|0x0000000086400000, 0x0000000086400000, 0x0000000086500000|  0%| F|  |TAMS 0x0000000086400000| PB 0x0000000086400000| Untracked 
| 101|0x0000000086500000, 0x0000000086500000, 0x0000000086600000|  0%| F|  |TAMS 0x0000000086500000| PB 0x0000000086500000| Untracked 
| 102|0x0000000086600000, 0x0000000086600000, 0x0000000086700000|  0%| F|  |TAMS 0x0000000086600000| PB 0x0000000086600000| Untracked 
| 103|0x0000000086700000, 0x0000000086700000, 0x0000000086800000|  0%| F|  |TAMS 0x0000000086700000| PB 0x0000000086700000| Untracked 
| 104|0x0000000086800000, 0x00000000868968f0, 0x0000000086900000| 58%| S|CS|TAMS 0x0000000086800000| PB 0x0000000086800000| Complete 
| 105|0x0000000086900000, 0x0000000086a00000, 0x0000000086a00000|100%| S|CS|TAMS 0x0000000086900000| PB 0x0000000086900000| Complete 
| 106|0x0000000086a00000, 0x0000000086b00000, 0x0000000086b00000|100%| S|CS|TAMS 0x0000000086a00000| PB 0x0000000086a00000| Complete 
| 107|0x0000000086b00000, 0x0000000086c00000, 0x0000000086c00000|100%| S|CS|TAMS 0x0000000086b00000| PB 0x0000000086b00000| Complete 
| 108|0x0000000086c00000, 0x0000000086c00000, 0x0000000086d00000|  0%| F|  |TAMS 0x0000000086c00000| PB 0x0000000086c00000| Untracked 
| 109|0x0000000086d00000, 0x0000000086d00000, 0x0000000086e00000|  0%| F|  |TAMS 0x0000000086d00000| PB 0x0000000086d00000| Untracked 
| 110|0x0000000086e00000, 0x0000000086e00000, 0x0000000086f00000|  0%| F|  |TAMS 0x0000000086e00000| PB 0x0000000086e00000| Untracked 
| 111|0x0000000086f00000, 0x0000000086f00000, 0x0000000087000000|  0%| F|  |TAMS 0x0000000086f00000| PB 0x0000000086f00000| Untracked 
| 112|0x0000000087000000, 0x0000000087000000, 0x0000000087100000|  0%| F|  |TAMS 0x0000000087000000| PB 0x0000000087000000| Untracked 
| 113|0x0000000087100000, 0x0000000087100000, 0x0000000087200000|  0%| F|  |TAMS 0x0000000087100000| PB 0x0000000087100000| Untracked 
| 114|0x0000000087200000, 0x0000000087200000, 0x0000000087300000|  0%| F|  |TAMS 0x0000000087200000| PB 0x0000000087200000| Untracked 
| 115|0x0000000087300000, 0x0000000087300000, 0x0000000087400000|  0%| F|  |TAMS 0x0000000087300000| PB 0x0000000087300000| Untracked 
| 116|0x0000000087400000, 0x0000000087400000, 0x0000000087500000|  0%| F|  |TAMS 0x0000000087400000| PB 0x0000000087400000| Untracked 
| 117|0x0000000087500000, 0x0000000087500000, 0x0000000087600000|  0%| F|  |TAMS 0x0000000087500000| PB 0x0000000087500000| Untracked 
| 118|0x0000000087600000, 0x0000000087600000, 0x0000000087700000|  0%| F|  |TAMS 0x0000000087600000| PB 0x0000000087600000| Untracked 
| 119|0x0000000087700000, 0x0000000087780000, 0x0000000087800000| 50%| E|  |TAMS 0x0000000087700000| PB 0x0000000087700000| Complete 
| 120|0x0000000087800000, 0x0000000087900000, 0x0000000087900000|100%| E|CS|TAMS 0x0000000087800000| PB 0x0000000087800000| Complete 
| 121|0x0000000087900000, 0x0000000087a00000, 0x0000000087a00000|100%| E|CS|TAMS 0x0000000087900000| PB 0x0000000087900000| Complete 
| 122|0x0000000087a00000, 0x0000000087b00000, 0x0000000087b00000|100%| E|CS|TAMS 0x0000000087a00000| PB 0x0000000087a00000| Complete 
| 123|0x0000000087b00000, 0x0000000087c00000, 0x0000000087c00000|100%| E|CS|TAMS 0x0000000087b00000| PB 0x0000000087b00000| Complete 
| 124|0x0000000087c00000, 0x0000000087d00000, 0x0000000087d00000|100%| E|CS|TAMS 0x0000000087c00000| PB 0x0000000087c00000| Complete 
| 125|0x0000000087d00000, 0x0000000087e00000, 0x0000000087e00000|100%| E|CS|TAMS 0x0000000087d00000| PB 0x0000000087d00000| Complete 
| 126|0x0000000087e00000, 0x0000000087f00000, 0x0000000087f00000|100%| E|CS|TAMS 0x0000000087e00000| PB 0x0000000087e00000| Complete 
| 127|0x0000000087f00000, 0x0000000088000000, 0x0000000088000000|100%| E|CS|TAMS 0x0000000087f00000| PB 0x0000000087f00000| Complete 
| 128|0x0000000088000000, 0x0000000088100000, 0x0000000088100000|100%| E|CS|TAMS 0x0000000088000000| PB 0x0000000088000000| Complete 
| 129|0x0000000088100000, 0x0000000088200000, 0x0000000088200000|100%| E|CS|TAMS 0x0000000088100000| PB 0x0000000088100000| Complete 
| 130|0x0000000088200000, 0x0000000088300000, 0x0000000088300000|100%| E|CS|TAMS 0x0000000088200000| PB 0x0000000088200000| Complete 
| 131|0x0000000088300000, 0x0000000088400000, 0x0000000088400000|100%| E|CS|TAMS 0x0000000088300000| PB 0x0000000088300000| Complete 
| 132|0x0000000088400000, 0x0000000088500000, 0x0000000088500000|100%| E|CS|TAMS 0x0000000088400000| PB 0x0000000088400000| Complete 
| 133|0x0000000088500000, 0x0000000088600000, 0x0000000088600000|100%| E|CS|TAMS 0x0000000088500000| PB 0x0000000088500000| Complete 
| 134|0x0000000088600000, 0x0000000088700000, 0x0000000088700000|100%| E|CS|TAMS 0x0000000088600000| PB 0x0000000088600000| Complete 
| 135|0x0000000088700000, 0x0000000088800000, 0x0000000088800000|100%| E|CS|TAMS 0x0000000088700000| PB 0x0000000088700000| Complete 
| 136|0x0000000088800000, 0x0000000088900000, 0x0000000088900000|100%| E|CS|TAMS 0x0000000088800000| PB 0x0000000088800000| Complete 
| 137|0x0000000088900000, 0x0000000088a00000, 0x0000000088a00000|100%| E|CS|TAMS 0x0000000088900000| PB 0x0000000088900000| Complete 
| 138|0x0000000088a00000, 0x0000000088b00000, 0x0000000088b00000|100%| E|CS|TAMS 0x0000000088a00000| PB 0x0000000088a00000| Complete 
| 139|0x0000000088b00000, 0x0000000088c00000, 0x0000000088c00000|100%| E|CS|TAMS 0x0000000088b00000| PB 0x0000000088b00000| Complete 
| 140|0x0000000088c00000, 0x0000000088d00000, 0x0000000088d00000|100%| E|CS|TAMS 0x0000000088c00000| PB 0x0000000088c00000| Complete 
| 141|0x0000000088d00000, 0x0000000088e00000, 0x0000000088e00000|100%| E|CS|TAMS 0x0000000088d00000| PB 0x0000000088d00000| Complete 
| 142|0x0000000088e00000, 0x0000000088f00000, 0x0000000088f00000|100%| E|CS|TAMS 0x0000000088e00000| PB 0x0000000088e00000| Complete 
| 143|0x0000000088f00000, 0x0000000089000000, 0x0000000089000000|100%| E|CS|TAMS 0x0000000088f00000| PB 0x0000000088f00000| Complete 
| 144|0x0000000089000000, 0x0000000089100000, 0x0000000089100000|100%| E|CS|TAMS 0x0000000089000000| PB 0x0000000089000000| Complete 
| 145|0x0000000089100000, 0x0000000089200000, 0x0000000089200000|100%| E|CS|TAMS 0x0000000089100000| PB 0x0000000089100000| Complete 
| 146|0x0000000089200000, 0x0000000089300000, 0x0000000089300000|100%| E|CS|TAMS 0x0000000089200000| PB 0x0000000089200000| Complete 
| 147|0x0000000089300000, 0x0000000089400000, 0x0000000089400000|100%| E|CS|TAMS 0x0000000089300000| PB 0x0000000089300000| Complete 
| 148|0x0000000089400000, 0x0000000089500000, 0x0000000089500000|100%| E|CS|TAMS 0x0000000089400000| PB 0x0000000089400000| Complete 
| 149|0x0000000089500000, 0x0000000089600000, 0x0000000089600000|100%| E|CS|TAMS 0x0000000089500000| PB 0x0000000089500000| Complete 
| 150|0x0000000089600000, 0x0000000089700000, 0x0000000089700000|100%| E|CS|TAMS 0x0000000089600000| PB 0x0000000089600000| Complete 
| 151|0x0000000089700000, 0x0000000089800000, 0x0000000089800000|100%| E|CS|TAMS 0x0000000089700000| PB 0x0000000089700000| Complete 
| 152|0x0000000089800000, 0x0000000089900000, 0x0000000089900000|100%| E|CS|TAMS 0x0000000089800000| PB 0x0000000089800000| Complete 
| 153|0x0000000089900000, 0x0000000089a00000, 0x0000000089a00000|100%| E|CS|TAMS 0x0000000089900000| PB 0x0000000089900000| Complete 
| 154|0x0000000089a00000, 0x0000000089b00000, 0x0000000089b00000|100%| E|CS|TAMS 0x0000000089a00000| PB 0x0000000089a00000| Complete 
| 155|0x0000000089b00000, 0x0000000089c00000, 0x0000000089c00000|100%| E|CS|TAMS 0x0000000089b00000| PB 0x0000000089b00000| Complete 
| 156|0x0000000089c00000, 0x0000000089d00000, 0x0000000089d00000|100%| E|CS|TAMS 0x0000000089c00000| PB 0x0000000089c00000| Complete 
| 157|0x0000000089d00000, 0x0000000089e00000, 0x0000000089e00000|100%| E|CS|TAMS 0x0000000089d00000| PB 0x0000000089d00000| Complete 
| 158|0x0000000089e00000, 0x0000000089f00000, 0x0000000089f00000|100%| E|CS|TAMS 0x0000000089e00000| PB 0x0000000089e00000| Complete 
|2040|0x00000000ff800000, 0x00000000ff900000, 0x00000000ff900000|100%| E|CS|TAMS 0x00000000ff800000| PB 0x00000000ff800000| Complete 
|2041|0x00000000ff900000, 0x00000000ffa00000, 0x00000000ffa00000|100%| E|CS|TAMS 0x00000000ff900000| PB 0x00000000ff900000| Complete 
|2042|0x00000000ffa00000, 0x00000000ffb00000, 0x00000000ffb00000|100%| E|CS|TAMS 0x00000000ffa00000| PB 0x00000000ffa00000| Complete 
|2043|0x00000000ffb00000, 0x00000000ffc00000, 0x00000000ffc00000|100%| E|CS|TAMS 0x00000000ffb00000| PB 0x00000000ffb00000| Complete 
|2044|0x00000000ffc00000, 0x00000000ffd00000, 0x00000000ffd00000|100%| O|  |TAMS 0x00000000ffc00000| PB 0x00000000ffc00000| Untracked 
|2045|0x00000000ffd00000, 0x00000000ffe00000, 0x00000000ffe00000|100%| O|  |TAMS 0x00000000ffd00000| PB 0x00000000ffd00000| Untracked 
|2046|0x00000000ffe00000, 0x00000000fff00000, 0x00000000fff00000|100%| O|  |TAMS 0x00000000ffe00000| PB 0x00000000ffe00000| Untracked 
|2047|0x00000000fff00000, 0x0000000100000000, 0x0000000100000000|100%| E|CS|TAMS 0x00000000fff00000| PB 0x00000000fff00000| Complete 

Card table byte_map: [0x000001ed6c870000,0x000001ed6cc70000] _byte_map_base: 0x000001ed6c470000

Marking Bits: (CMBitMap*) 0x000001ed5a366870
 Bits: [0x000001ed6cc70000, 0x000001ed6ec70000)

Polling page: 0x000001ed58220000

Metaspace:

Usage:
  Non-class:     90.77 MB used.
      Class:     14.89 MB used.
       Both:    105.66 MB used.

Virtual space:
  Non-class space:      128.00 MB reserved,      91.81 MB ( 72%) committed,  2 nodes.
      Class space:        1.00 GB reserved,      15.94 MB (  2%) committed,  1 nodes.
             Both:        1.12 GB reserved,     107.75 MB (  9%) committed. 

Chunk freelists:
   Non-Class:  3.23 MB
       Class:  15.97 MB
        Both:  19.20 MB

MaxMetaspaceSize: unlimited
CompressedClassSpaceSize: 1.00 GB
Initial GC threshold: 21.00 MB
Current GC threshold: 162.75 MB
CDS: off
 - commit_granule_bytes: 65536.
 - commit_granule_words: 8192.
 - virtual_space_node_default_size: 8388608.
 - enlarge_chunks_in_place: 1.
 - use_allocation_guard: 0.


Internal statistics:

num_allocs_failed_limit: 6.
num_arena_births: 4152.
num_arena_deaths: 0.
num_vsnodes_births: 3.
num_vsnodes_deaths: 0.
num_space_committed: 1724.
num_space_uncommitted: 0.
num_chunks_returned_to_freelist: 6.
num_chunks_taken_from_freelist: 8770.
num_chunk_merges: 6.
num_chunk_splits: 5749.
num_chunks_enlarged: 3571.
num_inconsistent_stats: 0.

CodeHeap 'non-profiled nmethods': size=120000Kb used=5794Kb max_used=5794Kb free=114205Kb
 bounds [0x000001ed64f40000, 0x000001ed654f0000, 0x000001ed6c470000]
CodeHeap 'profiled nmethods': size=120000Kb used=18986Kb max_used=18986Kb free=101013Kb
 bounds [0x000001ed5d470000, 0x000001ed5e700000, 0x000001ed649a0000]
CodeHeap 'non-nmethods': size=5760Kb used=2879Kb max_used=2945Kb free=2880Kb
 bounds [0x000001ed649a0000, 0x000001ed64c90000, 0x000001ed64f40000]
CodeCache: size=245760Kb, used=27659Kb, max_used=27725Kb, free=218098Kb
 total_blobs=11032, nmethods=10037, adapters=897, full_count=0
Compilation: enabled, stopped_count=0, restarted_count=0

Compilation events (20 events):
Event: 45.135 Thread 0x000001ed7134b4b0 nmethod 11635 0x000001ed654e0b90 code [0x000001ed654e0da0, 0x000001ed654e12e8]
Event: 45.142 Thread 0x000001ed7134b4b0 11646       4       org.gradle.internal.instantiation.generator.AbstractClassGenerator$ClassMetadata::property (42 bytes)
Event: 45.162 Thread 0x000001ed71330910 11649   !   3       jdk.proxy1.$Proxy61::annotationType (29 bytes)
Event: 45.163 Thread 0x000001ed71330910 nmethod 11649 0x000001ed5e6f7e10 code [0x000001ed5e6f7fe0, 0x000001ed5e6f83c0]
Event: 45.163 Thread 0x000001ed71330910 11650       3       jdk.proxy2.$Proxy12::<init> (6 bytes)
Event: 45.163 Thread 0x000001ed71330910 nmethod 11650 0x000001ed5e6f8590 code [0x000001ed5e6f8760, 0x000001ed5e6f8ad0]
Event: 45.163 Thread 0x000001ed71330910 11651       3       org.gradle.internal.instantiation.generator.AsmBackedClassGenerator$ClassBuilderImpl$$Lambda/0x00000001002e93b8::emit (25 bytes)
Event: 45.163 Thread 0x000001ed71330910 nmethod 11651 0x000001ed5e6f8c10 code [0x000001ed5e6f8dc0, 0x000001ed5e6f8f18]
Event: 45.163 Thread 0x000001ed71330910 11652       3       org.gradle.internal.instantiation.generator.AsmBackedClassGenerator$ClassBuilderImpl::lambda$addServiceGetter$43 (17 bytes)
Event: 45.163 Thread 0x000001ed71330910 nmethod 11652 0x000001ed5e6f9010 code [0x000001ed5e6f91c0, 0x000001ed5e6f9380]
Event: 45.169 Thread 0x000001ed71330910 11654       3       org.gradle.api.internal.model.DefaultObjectFactory::newInstance (12 bytes)
Event: 45.169 Thread 0x000001ed71330910 nmethod 11654 0x000001ed5e6f9490 code [0x000001ed5e6f9640, 0x000001ed5e6f9810]
Event: 45.175 Thread 0x000001ed71330910 11655       2       java.util.TimSort::sort (229 bytes)
Event: 45.176 Thread 0x000001ed71330910 nmethod 11655 0x000001ed5e6f9910 code [0x000001ed5e6f9b40, 0x000001ed5e6fa028]
Event: 45.200 Thread 0x000001ed7134b4b0 nmethod 11646 0x000001ed654e1790 code [0x000001ed654e1ae0, 0x000001ed654e3c60]
Event: 45.200 Thread 0x000001ed7134b4b0 11647       4       jdk.internal.org.objectweb.asm.MethodWriter::visitMethodInsn (191 bytes)
Event: 45.217 Thread 0x000001ed71330910 11657       3       org.gradle.internal.properties.annotations.PropertyAnnotationHandler::validatePropertyMetadata (1 bytes)
Event: 45.217 Thread 0x000001ed71330910 nmethod 11657 0x000001ed5e6fa410 code [0x000001ed5e6fa5a0, 0x000001ed5e6fa6a8]
Event: 45.220 Thread 0x000001ed71330910 11658       3       org.gradle.internal.typeconversion.NotationParserBuilder::converter (13 bytes)
Event: 45.220 Thread 0x000001ed71330910 nmethod 11658 0x000001ed5e6fa710 code [0x000001ed5e6fa8c0, 0x000001ed5e6faa98]

GC Heap History (20 events):
Event: 26.457 GC heap before
{Heap before GC invocations=35 (full 0):
 garbage-first heap   total 134144K, used 121150K [0x0000000080000000, 0x0000000100000000)
  region size 1024K, 48 young (49152K), 4 survivors (4096K)
 Metaspace       used 76854K, committed 78656K, reserved 1179648K
  class space    used 10720K, committed 11584K, reserved 1048576K
}
Event: 26.461 GC heap after
{Heap after GC invocations=36 (full 0):
 garbage-first heap   total 134144K, used 80909K [0x0000000080000000, 0x0000000100000000)
  region size 1024K, 5 young (5120K), 5 survivors (5120K)
 Metaspace       used 76854K, committed 78656K, reserved 1179648K
  class space    used 10720K, committed 11584K, reserved 1048576K
}
Event: 27.222 GC heap before
{Heap before GC invocations=36 (full 0):
 garbage-first heap   total 134144K, used 119821K [0x0000000080000000, 0x0000000100000000)
  region size 1024K, 43 young (44032K), 5 survivors (5120K)
 Metaspace       used 81116K, committed 83008K, reserved 1179648K
  class space    used 11291K, committed 12224K, reserved 1048576K
}
Event: 27.226 GC heap after
{Heap after GC invocations=37 (full 0):
 garbage-first heap   total 134144K, used 81986K [0x0000000080000000, 0x0000000100000000)
  region size 1024K, 2 young (2048K), 2 survivors (2048K)
 Metaspace       used 81116K, committed 83008K, reserved 1179648K
  class space    used 11291K, committed 12224K, reserved 1048576K
}
Event: 28.034 GC heap before
{Heap before GC invocations=38 (full 0):
 garbage-first heap   total 138240K, used 127042K [0x0000000080000000, 0x0000000100000000)
  region size 1024K, 41 young (41984K), 2 survivors (2048K)
 Metaspace       used 84237K, committed 86208K, reserved 1179648K
  class space    used 11734K, committed 12672K, reserved 1048576K
}
Event: 28.039 GC heap after
{Heap after GC invocations=39 (full 0):
 garbage-first heap   total 138240K, used 87561K [0x0000000080000000, 0x0000000100000000)
  region size 1024K, 6 young (6144K), 6 survivors (6144K)
 Metaspace       used 84237K, committed 86208K, reserved 1179648K
  class space    used 11734K, committed 12672K, reserved 1048576K
}
Event: 28.545 GC heap before
{Heap before GC invocations=39 (full 0):
 garbage-first heap   total 138240K, used 123401K [0x0000000080000000, 0x0000000100000000)
  region size 1024K, 41 young (41984K), 6 survivors (6144K)
 Metaspace       used 87012K, committed 88960K, reserved 1179648K
  class space    used 12086K, committed 13056K, reserved 1048576K
}
Event: 28.554 GC heap after
{Heap after GC invocations=40 (full 0):
 garbage-first heap   total 138240K, used 88277K [0x0000000080000000, 0x0000000100000000)
  region size 1024K, 3 young (3072K), 3 survivors (3072K)
 Metaspace       used 87012K, committed 88960K, reserved 1179648K
  class space    used 12086K, committed 13056K, reserved 1048576K
}
Event: 29.735 GC heap before
{Heap before GC invocations=40 (full 0):
 garbage-first heap   total 138240K, used 121045K [0x0000000080000000, 0x0000000100000000)
  region size 1024K, 36 young (36864K), 3 survivors (3072K)
 Metaspace       used 90812K, committed 92800K, reserved 1179648K
  class space    used 12589K, committed 13568K, reserved 1048576K
}
Event: 29.746 GC heap after
{Heap after GC invocations=41 (full 0):
 garbage-first heap   total 138240K, used 89574K [0x0000000080000000, 0x0000000100000000)
  region size 1024K, 4 young (4096K), 4 survivors (4096K)
 Metaspace       used 90812K, committed 92800K, reserved 1179648K
  class space    used 12589K, committed 13568K, reserved 1048576K
}
Event: 37.702 GC heap before
{Heap before GC invocations=42 (full 0):
 garbage-first heap   total 155648K, used 127462K [0x0000000080000000, 0x0000000100000000)
  region size 1024K, 38 young (38912K), 4 survivors (4096K)
 Metaspace       used 93520K, committed 95488K, reserved 1179648K
  class space    used 12957K, committed 13952K, reserved 1048576K
}
Event: 37.708 GC heap after
{Heap after GC invocations=43 (full 0):
 garbage-first heap   total 155648K, used 94618K [0x0000000080000000, 0x0000000100000000)
  region size 1024K, 4 young (4096K), 4 survivors (4096K)
 Metaspace       used 93520K, committed 95488K, reserved 1179648K
  class space    used 12957K, committed 13952K, reserved 1048576K
}
Event: 39.494 GC heap before
{Heap before GC invocations=43 (full 0):
 garbage-first heap   total 155648K, used 139674K [0x0000000080000000, 0x0000000100000000)
  region size 1024K, 48 young (49152K), 4 survivors (4096K)
 Metaspace       used 95385K, committed 97408K, reserved 1179648K
  class space    used 13258K, committed 14272K, reserved 1048576K
}
Event: 39.512 GC heap after
{Heap after GC invocations=44 (full 0):
 garbage-first heap   total 155648K, used 98191K [0x0000000080000000, 0x0000000100000000)
  region size 1024K, 6 young (6144K), 6 survivors (6144K)
 Metaspace       used 95385K, committed 97408K, reserved 1179648K
  class space    used 13258K, committed 14272K, reserved 1048576K
}
Event: 41.975 GC heap before
{Heap before GC invocations=44 (full 0):
 garbage-first heap   total 155648K, used 140175K [0x0000000080000000, 0x0000000100000000)
  region size 1024K, 47 young (48128K), 6 survivors (6144K)
 Metaspace       used 97633K, committed 99776K, reserved 1179648K
  class space    used 13565K, committed 14592K, reserved 1048576K
}
Event: 41.989 GC heap after
{Heap after GC invocations=45 (full 0):
 garbage-first heap   total 155648K, used 100813K [0x0000000080000000, 0x0000000100000000)
  region size 1024K, 5 young (5120K), 5 survivors (5120K)
 Metaspace       used 97633K, committed 99776K, reserved 1179648K
  class space    used 13565K, committed 14592K, reserved 1048576K
}
Event: 43.050 GC heap before
{Heap before GC invocations=46 (full 0):
 garbage-first heap   total 171008K, used 140749K [0x0000000080000000, 0x0000000100000000)
  region size 1024K, 43 young (44032K), 5 survivors (5120K)
 Metaspace       used 100583K, committed 102720K, reserved 1179648K
  class space    used 14049K, committed 15104K, reserved 1048576K
}
Event: 43.056 GC heap after
{Heap after GC invocations=47 (full 0):
 garbage-first heap   total 171008K, used 101964K [0x0000000080000000, 0x0000000100000000)
  region size 1024K, 2 young (2048K), 2 survivors (2048K)
 Metaspace       used 100583K, committed 102720K, reserved 1179648K
  class space    used 14049K, committed 15104K, reserved 1048576K
}
Event: 44.291 GC heap before
{Heap before GC invocations=47 (full 0):
 garbage-first heap   total 171008K, used 154188K [0x0000000080000000, 0x0000000100000000)
  region size 1024K, 53 young (54272K), 2 survivors (2048K)
 Metaspace       used 104710K, committed 106880K, reserved 1179648K
  class space    used 14750K, committed 15808K, reserved 1048576K
}
Event: 44.297 GC heap after
{Heap after GC invocations=48 (full 0):
 garbage-first heap   total 171008K, used 102306K [0x0000000080000000, 0x0000000100000000)
  region size 1024K, 4 young (4096K), 4 survivors (4096K)
 Metaspace       used 104710K, committed 106880K, reserved 1179648K
  class space    used 14750K, committed 15808K, reserved 1048576K
}

Dll operation events (3 events):
Event: 0.013 Loaded shared library D:\Android Studio\jbr\bin\java.dll
Event: 0.019 Loaded shared library D:\Android Studio\jbr\bin\zip.dll
Event: 1.188 Loaded shared library D:\Android Studio\jbr\bin\verify.dll

Deoptimization events (20 events):
Event: 45.015 Thread 0x000001ed71a8fb90 DEOPT PACKING pc=0x000001ed654d3d90 sp=0x000000cbe56f8e00
Event: 45.015 Thread 0x000001ed71a8fb90 DEOPT UNPACKING pc=0x000001ed649f46a2 sp=0x000000cbe56f8ca0 mode 2
Event: 45.024 Thread 0x000001ed71a8fb90 Uncommon trap: trap_request=0xffffffbe fr.pc=0x000001ed654d3d90 relative=0x0000000000001830
Event: 45.024 Thread 0x000001ed71a8fb90 Uncommon trap: reason=profile_predicate action=maybe_recompile pc=0x000001ed654d3d90 method=java.util.TimSort.reverseRange([Ljava/lang/Object;II)V @ 5 c2
Event: 45.024 Thread 0x000001ed71a8fb90 DEOPT PACKING pc=0x000001ed654d3d90 sp=0x000000cbe56f9480
Event: 45.024 Thread 0x000001ed71a8fb90 DEOPT UNPACKING pc=0x000001ed649f46a2 sp=0x000000cbe56f9320 mode 2
Event: 45.030 Thread 0x000001ed71a8fb90 Uncommon trap: trap_request=0xffffffbe fr.pc=0x000001ed654d3d90 relative=0x0000000000001830
Event: 45.030 Thread 0x000001ed71a8fb90 Uncommon trap: reason=profile_predicate action=maybe_recompile pc=0x000001ed654d3d90 method=java.util.TimSort.reverseRange([Ljava/lang/Object;II)V @ 5 c2
Event: 45.030 Thread 0x000001ed71a8fb90 DEOPT PACKING pc=0x000001ed654d3d90 sp=0x000000cbe56f9480
Event: 45.030 Thread 0x000001ed71a8fb90 DEOPT UNPACKING pc=0x000001ed649f46a2 sp=0x000000cbe56f9320 mode 2
Event: 45.041 Thread 0x000001ed71a8fb90 Uncommon trap: trap_request=0xffffffbe fr.pc=0x000001ed652fcf48 relative=0x0000000000000b88
Event: 45.041 Thread 0x000001ed71a8fb90 Uncommon trap: reason=profile_predicate action=maybe_recompile pc=0x000001ed652fcf48 method=java.util.regex.Pattern.RemoveQEQuoting()V @ 7 c2
Event: 45.041 Thread 0x000001ed71a8fb90 DEOPT PACKING pc=0x000001ed652fcf48 sp=0x000000cbe56f92b0
Event: 45.041 Thread 0x000001ed71a8fb90 DEOPT UNPACKING pc=0x000001ed649f46a2 sp=0x000000cbe56f9270 mode 2
Event: 45.060 Thread 0x000001ed71a8fb90 DEOPT PACKING pc=0x000001ed5e68df26 sp=0x000000cbe56f9220
Event: 45.060 Thread 0x000001ed71a8fb90 DEOPT UNPACKING pc=0x000001ed649f4e42 sp=0x000000cbe56f87e0 mode 0
Event: 45.187 Thread 0x000001ed71a8fb90 Uncommon trap: trap_request=0xffffff45 fr.pc=0x000001ed6500755c relative=0x0000000000001d9c
Event: 45.187 Thread 0x000001ed71a8fb90 Uncommon trap: reason=unstable_if action=reinterpret pc=0x000001ed6500755c method=java.util.HashMap.hash(Ljava/lang/Object;)I @ 1 c2
Event: 45.187 Thread 0x000001ed71a8fb90 DEOPT PACKING pc=0x000001ed6500755c sp=0x000000cbe56f9350
Event: 45.187 Thread 0x000001ed71a8fb90 DEOPT UNPACKING pc=0x000001ed649f46a2 sp=0x000000cbe56f9260 mode 2

Classes loaded (20 events):
Event: 29.655 Loading class com/sun/jmx/mbeanserver/StandardMBeanIntrospector
Event: 29.656 Loading class com/sun/jmx/mbeanserver/StandardMBeanIntrospector done
Event: 42.581 Loading class sun/reflect/generics/repository/FieldRepository
Event: 42.582 Loading class sun/reflect/generics/repository/FieldRepository done
Event: 42.594 Loading class jdk/internal/vm/annotation/ForceInline
Event: 42.594 Loading class jdk/internal/vm/annotation/ForceInline done
Event: 42.673 Loading class java/util/regex/Pattern$Caret
Event: 42.673 Loading class java/util/regex/Pattern$Caret done
Event: 43.459 Loading class java/lang/invoke/BoundMethodHandle$Species_LLLJ
Event: 43.459 Loading class java/lang/invoke/BoundMethodHandle$Species_LLLJ done
Event: 44.581 Loading class java/io/CharArrayWriter
Event: 44.582 Loading class java/io/CharArrayWriter done
Event: 44.880 Loading class java/lang/AbstractMethodError
Event: 44.880 Loading class java/lang/AbstractMethodError done
Event: 44.971 Loading class java/util/stream/ReduceOps$5
Event: 44.972 Loading class java/util/stream/ReduceOps$5 done
Event: 44.972 Loading class java/util/stream/ReduceOps$CountingSink$OfRef
Event: 44.972 Loading class java/util/stream/ReduceOps$CountingSink
Event: 44.972 Loading class java/util/stream/ReduceOps$CountingSink done
Event: 44.972 Loading class java/util/stream/ReduceOps$CountingSink$OfRef done

Classes unloaded (0 events):
No events

Classes redefined (0 events):
No events

Internal exceptions (20 events):
Event: 38.424 Thread 0x000001ed71a8fb90 Exception <a 'java/lang/ClassNotFoundException'{0x00000000882a00a0}: org/jetbrains/kotlin/gradle/targets/js/npm/DefaultPeerNpmDependencyExtensionCustomizer> (0x00000000882a00a0) 
thrown [s\src\hotspot\share\classfile\systemDictionary.cpp, line 312]
Event: 38.433 Thread 0x000001ed71a8fb90 Exception <a 'java/lang/ClassNotFoundException'{0x00000000882f3ca0}: org/jetbrains/kotlin/gradle/targets/js/npm/DefaultPeerNpmDependencyExtension$delegate$1BeanInfo> (0x00000000882f3ca0) 
thrown [s\src\hotspot\share\classfile\systemDictionary.cpp, line 312]
Event: 38.434 Thread 0x000001ed71a8fb90 Exception <a 'java/lang/ClassNotFoundException'{0x0000000088103680}: org/jetbrains/kotlin/gradle/targets/js/npm/DefaultPeerNpmDependencyExtension$delegate$1Customizer> (0x0000000088103680) 
thrown [s\src\hotspot\share\classfile\systemDictionary.cpp, line 312]
Event: 38.458 Thread 0x000001ed71a8fb90 Exception <a 'java/lang/NoSuchMethodError'{0x00000000881b0558}: static Lorg/jetbrains/kotlin/gradle/plugin/internal/DefaultIdeaSyncDetector$createIdeaPropertiesEvaluator$1;.<clinit>()V> (0x00000000881b0558) 
thrown [s\src\hotspot\share\prims\jni.cpp, line 1144]
Event: 41.813 Thread 0x000001ed71a8fb90 Exception <a 'java/lang/NoSuchMethodError'{0x0000000086cfc8f0}: 'java.lang.Object java.lang.invoke.DirectMethodHandle$Holder.newInvokeSpecial(java.lang.Object, java.lang.Object, java.lang.Object, java.lang.Object, java.lang.Object, java.lang.Object, java.lang.Object, java.lang.Object, java.lang.Object, java.lang.Object, java.lang.Object, java.lang.Object, java.lang.Object, java.lang.Object)'> (0x0000000086cfc8f0) 
thrown [s\src\hotspot\share\interpreter\linkResolver.cpp, line 784]
Event: 43.603 Thread 0x000001ed71a8fb90 Exception <a 'java/lang/NoSuchMethodError'{0x00000000881517c8}: 'java.lang.Object java.lang.invoke.Invokers$Holder.invokeExact_MT(java.lang.Object, java.lang.Object, java.lang.Object, int, java.lang.Object, java.lang.Object)'> (0x00000000881517c8) 
thrown [s\src\hotspot\share\interpreter\linkResolver.cpp, line 784]
Event: 44.247 Thread 0x000001ed71a8fb90 Exception <a 'java/lang/ClassNotFoundException'{0x0000000086eb9dd8}: com/android/build/gradle/internal/api/ApkVariantOutputImpl_DecoratedBeanInfo> (0x0000000086eb9dd8) 
thrown [s\src\hotspot\share\classfile\systemDictionary.cpp, line 312]
Event: 44.248 Thread 0x000001ed71a8fb90 Exception <a 'java/lang/ClassNotFoundException'{0x0000000086ec8970}: com/android/build/gradle/internal/api/ApkVariantOutputImplBeanInfo> (0x0000000086ec8970) 
thrown [s\src\hotspot\share\classfile\systemDictionary.cpp, line 312]
Event: 44.249 Thread 0x000001ed71a8fb90 Exception <a 'java/lang/ClassNotFoundException'{0x0000000086ed87f8}: com/android/build/gradle/internal/api/BaseVariantOutputImplBeanInfo> (0x0000000086ed87f8) 
thrown [s\src\hotspot\share\classfile\systemDictionary.cpp, line 312]
Event: 44.250 Thread 0x000001ed71a8fb90 Exception <a 'java/lang/ClassNotFoundException'{0x0000000086ee7900}: com/android/build/gradle/internal/api/BaseVariantOutputImplCustomizer> (0x0000000086ee7900) 
thrown [s\src\hotspot\share\classfile\systemDictionary.cpp, line 312]
Event: 44.251 Thread 0x000001ed71a8fb90 Exception <a 'java/lang/ClassNotFoundException'{0x0000000086d09768}: com/android/build/gradle/internal/api/ApkVariantOutputImplCustomizer> (0x0000000086d09768) 
thrown [s\src\hotspot\share\classfile\systemDictionary.cpp, line 312]
Event: 44.253 Thread 0x000001ed71a8fb90 Exception <a 'java/lang/ClassNotFoundException'{0x0000000086d26868}: com/android/build/gradle/internal/api/ApkVariantOutputImpl_DecoratedCustomizer> (0x0000000086d26868) 
thrown [s\src\hotspot\share\classfile\systemDictionary.cpp, line 312]
Event: 44.403 Thread 0x000001ed71a8fb90 Exception <a 'java/lang/ClassNotFoundException'{0x0000000089d08fc0}: com/android/build/gradle/internal/api/ReadOnlyBuildTypeBeanInfo> (0x0000000089d08fc0) 
thrown [s\src\hotspot\share\classfile\systemDictionary.cpp, line 312]
Event: 44.404 Thread 0x000001ed71a8fb90 Exception <a 'java/lang/ClassNotFoundException'{0x0000000089d172b8}: com/android/build/gradle/internal/api/ReadOnlyBaseConfigBeanInfo> (0x0000000089d172b8) 
thrown [s\src\hotspot\share\classfile\systemDictionary.cpp, line 312]
Event: 44.405 Thread 0x000001ed71a8fb90 Exception <a 'java/lang/ClassNotFoundException'{0x0000000089d255d0}: com/android/build/gradle/internal/api/ReadOnlyBaseConfigCustomizer> (0x0000000089d255d0) 
thrown [s\src\hotspot\share\classfile\systemDictionary.cpp, line 312]
Event: 44.406 Thread 0x000001ed71a8fb90 Exception <a 'java/lang/ClassNotFoundException'{0x0000000089d44830}: com/android/build/gradle/internal/api/ReadOnlyBuildTypeCustomizer> (0x0000000089d44830) 
thrown [s\src\hotspot\share\classfile\systemDictionary.cpp, line 312]
Event: 45.087 Thread 0x000001ed71a8fb90 Exception <a 'java/lang/NoSuchMethodError'{0x00000000881901f8}: 'java.lang.Object java.lang.invoke.DirectMethodHandle$Holder.newInvokeSpecial(java.lang.Object, java.lang.Object, java.lang.Object, java.lang.Object, java.lang.Object, java.lang.Object, int)'> (0x00000000881901f8) 
thrown [s\src\hotspot\share\interpreter\linkResolver.cpp, line 784]
Event: 45.087 Thread 0x000001ed71a8fb90 Exception <a 'java/lang/NoSuchMethodError'{0x0000000088195178}: 'java.lang.Object java.lang.invoke.DirectMethodHandle$Holder.invokeSpecial(java.lang.Object, java.lang.Object, java.lang.Object, java.lang.Object, java.lang.Object, java.lang.Object, java.lang.Object, int)'> (0x0000000088195178) 
thrown [s\src\hotspot\share\interpreter\linkResolver.cpp, line 784]
Event: 45.087 Thread 0x000001ed71a8fb90 Exception <a 'java/lang/NoSuchMethodError'{0x0000000088199a80}: 'java.lang.Object java.lang.invoke.Invokers$Holder.linkToTargetMethod(java.lang.Object, java.lang.Object, java.lang.Object, java.lang.Object, java.lang.Object, int, java.lang.Object)'> (0x0000000088199a80) 
thrown [s\src\hotspot\share\interpreter\linkResolver.cpp, line 784]
Event: 45.187 Thread 0x000001ed71a8fb90 Implicit null exception at 0x000001ed65005835 to 0x000001ed65007548

ZGC Phase Switch (0 events):
No events

VM Operations (20 events):
Event: 41.706 Executing VM operation: HandshakeAllThreads (Deoptimize)
Event: 41.707 Executing VM operation: HandshakeAllThreads (Deoptimize) done
Event: 41.975 Executing VM operation: G1CollectForAllocation (G1 Evacuation Pause)
Event: 41.989 Executing VM operation: G1CollectForAllocation (G1 Evacuation Pause) done
Event: 42.159 Executing VM operation: G1PauseRemark
Event: 42.169 Executing VM operation: G1PauseRemark done
Event: 42.241 Executing VM operation: G1PauseCleanup
Event: 42.241 Executing VM operation: G1PauseCleanup done
Event: 43.050 Executing VM operation: G1CollectForAllocation (G1 Evacuation Pause)
Event: 43.056 Executing VM operation: G1CollectForAllocation (G1 Evacuation Pause) done
Event: 44.063 Executing VM operation: Cleanup
Event: 44.063 Executing VM operation: Cleanup done
Event: 44.291 Executing VM operation: G1CollectForAllocation (G1 Evacuation Pause)
Event: 44.297 Executing VM operation: G1CollectForAllocation (G1 Evacuation Pause) done
Event: 44.930 Executing VM operation: HandshakeAllThreads (Deoptimize)
Event: 44.930 Executing VM operation: HandshakeAllThreads (Deoptimize) done
Event: 45.017 Executing VM operation: HandshakeAllThreads (Deoptimize)
Event: 45.017 Executing VM operation: HandshakeAllThreads (Deoptimize) done
Event: 45.084 Executing VM operation: ICBufferFull
Event: 45.084 Executing VM operation: ICBufferFull done

Memory protections (0 events):
No events

Nmethod flushes (20 events):
Event: 42.167 Thread 0x000001ed71113090 flushing  nmethod 0x000001ed5d679f10
Event: 42.167 Thread 0x000001ed71113090 flushing  nmethod 0x000001ed5d699090
Event: 42.167 Thread 0x000001ed71113090 flushing  nmethod 0x000001ed5d6bd490
Event: 42.167 Thread 0x000001ed71113090 flushing  nmethod 0x000001ed5d6bea90
Event: 42.167 Thread 0x000001ed71113090 flushing  nmethod 0x000001ed5d77b190
Event: 42.167 Thread 0x000001ed71113090 flushing  nmethod 0x000001ed5d8f0a10
Event: 42.167 Thread 0x000001ed71113090 flushing  nmethod 0x000001ed5d954690
Event: 42.167 Thread 0x000001ed71113090 flushing  nmethod 0x000001ed5daa0910
Event: 42.167 Thread 0x000001ed71113090 flushing  nmethod 0x000001ed5daa1d90
Event: 42.167 Thread 0x000001ed71113090 flushing  nmethod 0x000001ed5daa5990
Event: 42.167 Thread 0x000001ed71113090 flushing  nmethod 0x000001ed5daa5f90
Event: 42.167 Thread 0x000001ed71113090 flushing  nmethod 0x000001ed5daa6e90
Event: 42.167 Thread 0x000001ed71113090 flushing  nmethod 0x000001ed5dc7ac10
Event: 42.167 Thread 0x000001ed71113090 flushing  nmethod 0x000001ed5dcd6d10
Event: 42.167 Thread 0x000001ed71113090 flushing  nmethod 0x000001ed5dd04910
Event: 42.167 Thread 0x000001ed71113090 flushing  nmethod 0x000001ed5dd0ca10
Event: 42.167 Thread 0x000001ed71113090 flushing  nmethod 0x000001ed5dd49110
Event: 42.167 Thread 0x000001ed71113090 flushing  nmethod 0x000001ed5dd4b390
Event: 42.167 Thread 0x000001ed71113090 flushing  nmethod 0x000001ed5dd6fc10
Event: 42.167 Thread 0x000001ed71113090 flushing  nmethod 0x000001ed5e033a90

Events (20 events):
Event: 18.191 Thread 0x000001ed71a8fb90 Thread added: 0x000001ed76f604a0
Event: 18.330 Thread 0x000001ed71a8fb90 Thread added: 0x000001ed77550ad0
Event: 18.331 Thread 0x000001ed71a8fb90 Thread added: 0x000001ed7754f090
Event: 18.332 Thread 0x000001ed71a8fb90 Thread added: 0x000001ed77551160
Event: 22.171 Thread 0x000001ed71a8fb90 Thread added: 0x000001ed77554c70
Event: 22.172 Thread 0x000001ed71a8fb90 Thread added: 0x000001ed77551e80
Event: 22.172 Thread 0x000001ed71a8fb90 Thread added: 0x000001ed77553230
Event: 22.366 Thread 0x000001ed71a8fb90 Thread added: 0x000001ed77553f50
Event: 22.368 Thread 0x000001ed71a8fb90 Thread added: 0x000001ed775545e0
Event: 22.370 Thread 0x000001ed71a8fb90 Thread added: 0x000001ed7754ea00
Event: 23.266 Thread 0x000001ed71a8fb90 Thread added: 0x000001ed77552ba0
Event: 23.266 Thread 0x000001ed71a8fb90 Thread added: 0x000001ed77552510
Event: 23.267 Thread 0x000001ed71a8fb90 Thread added: 0x000001ed7754fdb0
Event: 26.538 Thread 0x000001ed71a8fb90 Thread added: 0x000001ed77550440
Event: 27.221 Thread 0x000001ed71a8fb90 Thread added: 0x000001ed77555300
Event: 29.929 Thread 0x000001ed71a8fb90 Thread added: 0x000001ed77555990
Event: 42.623 Thread 0x000001ed71330910 Thread added: 0x000001ed7a578860
Event: 43.008 Thread 0x000001ed7a578860 Thread exited: 0x000001ed7a578860
Event: 44.227 Thread 0x000001ed71330910 Thread added: 0x000001ed7a578860
Event: 44.964 Thread 0x000001ed7a578860 Thread exited: 0x000001ed7a578860


Dynamic libraries:
0x00007ff7a2740000 - 0x00007ff7a274a000 	D:\Android Studio\jbr\bin\java.exe
0x00007ffb6f450000 - 0x00007ffb6f648000 	C:\WINDOWS\SYSTEM32\ntdll.dll
0x00007ffb6e6b0000 - 0x00007ffb6e772000 	C:\WINDOWS\System32\KERNEL32.DLL
0x00007ffb6ce40000 - 0x00007ffb6d136000 	C:\WINDOWS\System32\KERNELBASE.dll
0x00007ffb6d2f0000 - 0x00007ffb6d3f0000 	C:\WINDOWS\System32\ucrtbase.dll
0x00007ffb4fb90000 - 0x00007ffb4fba8000 	D:\Android Studio\jbr\bin\jli.dll
0x00007ffb31f70000 - 0x00007ffb31f8b000 	D:\Android Studio\jbr\bin\VCRUNTIME140.dll
0x00007ffb6d480000 - 0x00007ffb6d621000 	C:\WINDOWS\System32\USER32.dll
0x00007ffb6d140000 - 0x00007ffb6d162000 	C:\WINDOWS\System32\win32u.dll
0x00007ffb6be80000 - 0x00007ffb6c11b000 	C:\WINDOWS\WinSxS\amd64_microsoft.windows.common-controls_6595b64144ccf1df_6.0.19041.6456_none_60b8a6cb71f64256\COMCTL32.dll
0x00007ffb6e3a0000 - 0x00007ffb6e3cb000 	C:\WINDOWS\System32\GDI32.dll
0x00007ffb6cae0000 - 0x00007ffb6cbf9000 	C:\WINDOWS\System32\gdi32full.dll
0x00007ffb6e3d0000 - 0x00007ffb6e46e000 	C:\WINDOWS\System32\msvcrt.dll
0x00007ffb6d170000 - 0x00007ffb6d20d000 	C:\WINDOWS\System32\msvcp_win.dll
0x00007ffb6f370000 - 0x00007ffb6f39f000 	C:\WINDOWS\System32\IMM32.DLL
0x00007ffb535f0000 - 0x00007ffb535fc000 	D:\Android Studio\jbr\bin\vcruntime140_1.dll
0x00007ffb44110000 - 0x00007ffb4419d000 	D:\Android Studio\jbr\bin\msvcp140.dll
0x00007ffaceda0000 - 0x00007ffacfa36000 	D:\Android Studio\jbr\bin\server\jvm.dll
0x00007ffb6eee0000 - 0x00007ffb6ef91000 	C:\WINDOWS\System32\ADVAPI32.dll
0x00007ffb6f190000 - 0x00007ffb6f22f000 	C:\WINDOWS\System32\sechost.dll
0x00007ffb6e530000 - 0x00007ffb6e650000 	C:\WINDOWS\System32\RPCRT4.dll
0x00007ffb6d210000 - 0x00007ffb6d237000 	C:\WINDOWS\System32\bcrypt.dll
0x00007ffb6f3a0000 - 0x00007ffb6f40b000 	C:\WINDOWS\System32\WS2_32.dll
0x00007ffb6c6d0000 - 0x00007ffb6c71b000 	C:\WINDOWS\SYSTEM32\POWRPROF.dll
0x00007ffb62880000 - 0x00007ffb6288a000 	C:\WINDOWS\SYSTEM32\VERSION.dll
0x00007ffb59da0000 - 0x00007ffb59dc7000 	C:\WINDOWS\SYSTEM32\WINMM.dll
0x00007ffb6c120000 - 0x00007ffb6c132000 	C:\WINDOWS\SYSTEM32\UMPDC.dll
0x00007ffb6ac50000 - 0x00007ffb6ac62000 	C:\WINDOWS\SYSTEM32\kernel.appcore.dll
0x00007ffb31ca0000 - 0x00007ffb31caa000 	D:\Android Studio\jbr\bin\jimage.dll
0x00007ffb6c4c0000 - 0x00007ffb6c6c1000 	C:\WINDOWS\SYSTEM32\DBGHELP.DLL
0x00007ffb6c250000 - 0x00007ffb6c284000 	C:\WINDOWS\SYSTEM32\dbgcore.DLL
0x00007ffb6cdb0000 - 0x00007ffb6ce32000 	C:\WINDOWS\System32\bcryptPrimitives.dll
0x00007ffb56b30000 - 0x00007ffb56b3e000 	D:\Android Studio\jbr\bin\instrument.dll
0x00007ffb31c80000 - 0x00007ffb31ca0000 	D:\Android Studio\jbr\bin\java.dll
0x00007ffb31cd0000 - 0x00007ffb31ce8000 	D:\Android Studio\jbr\bin\zip.dll
0x00007ffb6db40000 - 0x00007ffb6e2b0000 	C:\WINDOWS\System32\SHELL32.dll
0x00007ffb6a350000 - 0x00007ffb6aaf5000 	C:\WINDOWS\SYSTEM32\windows.storage.dll
0x00007ffb6d7e0000 - 0x00007ffb6db34000 	C:\WINDOWS\System32\combase.dll
0x00007ffb6bde0000 - 0x00007ffb6be0b000 	C:\WINDOWS\SYSTEM32\Wldp.dll
0x00007ffb6e2d0000 - 0x00007ffb6e39d000 	C:\WINDOWS\System32\OLEAUT32.dll
0x00007ffb6e8b0000 - 0x00007ffb6e95d000 	C:\WINDOWS\System32\SHCORE.dll
0x00007ffb6e4d0000 - 0x00007ffb6e52b000 	C:\WINDOWS\System32\shlwapi.dll
0x00007ffb6ca10000 - 0x00007ffb6ca34000 	C:\WINDOWS\SYSTEM32\profapi.dll
0x00007ffb31cc0000 - 0x00007ffb31cd0000 	D:\Android Studio\jbr\bin\net.dll
0x00007ffb61cf0000 - 0x00007ffb61dfa000 	C:\WINDOWS\SYSTEM32\WINHTTP.dll
0x00007ffb6bac0000 - 0x00007ffb6bb2a000 	C:\WINDOWS\system32\mswsock.dll
0x00007ffaceb40000 - 0x00007ffaceb56000 	D:\Android Studio\jbr\bin\nio.dll
0x00007ffb54e90000 - 0x00007ffb54ea0000 	D:\Android Studio\jbr\bin\verify.dll
0x00007ffb60650000 - 0x00007ffb60677000 	C:\Users\NOTEBOOK\.gradle\native\1def1411415f61bf3af743bc5b6707747c0891f09f0c88961ee8f79bc544acac\windows-amd64\native-platform.dll
0x00007ffb42ed0000 - 0x00007ffb42f48000 	C:\Users\NOTEBOOK\.gradle\native\0.2.7\x86_64-windows-gnu\gradle-fileevents.dll
0x00007ffacd7e0000 - 0x00007ffacd7e9000 	D:\Android Studio\jbr\bin\management.dll
0x00007ffacd7d0000 - 0x00007ffacd7db000 	D:\Android Studio\jbr\bin\management_ext.dll
0x00007ffb6e2c0000 - 0x00007ffb6e2c8000 	C:\WINDOWS\System32\PSAPI.DLL
0x00007ffb6b820000 - 0x00007ffb6b85b000 	C:\WINDOWS\SYSTEM32\IPHLPAPI.DLL
0x00007ffb6e2b0000 - 0x00007ffb6e2b8000 	C:\WINDOWS\System32\NSI.dll
0x00007ffb31c70000 - 0x00007ffb31c79000 	D:\Android Studio\jbr\bin\extnet.dll
0x00007ffb6c850000 - 0x00007ffb6c868000 	C:\WINDOWS\SYSTEM32\CRYPTSP.dll
0x00007ffb6b450000 - 0x00007ffb6b488000 	C:\WINDOWS\system32\rsaenh.dll
0x00007ffb6c990000 - 0x00007ffb6c9be000 	C:\WINDOWS\SYSTEM32\USERENV.dll
0x00007ffb6bdd0000 - 0x00007ffb6bddc000 	C:\WINDOWS\SYSTEM32\CRYPTBASE.dll
0x00007ffad3420000 - 0x00007ffad3427000 	C:\WINDOWS\system32\wshunix.dll

JVMTI agents:
C:\Users\NOTEBOOK\.gradle\wrapper\dists\gradle-8.13-bin\5xuhj0ry160q40clulazy9h7d\gradle-8.13\lib\agents\gradle-instrumentation-agent-8.13.jar path:D:\Android Studio\jbr\bin\instrument.dll, loaded, initialized, instrumentlib options:none

dbghelp: loaded successfully - version: 4.0.5 - missing functions: none
symbol engine: initialized successfully - sym options: 0x614 - pdb path: .;D:\Android Studio\jbr\bin;C:\WINDOWS\SYSTEM32;C:\WINDOWS\WinSxS\amd64_microsoft.windows.common-controls_6595b64144ccf1df_6.0.19041.6456_none_60b8a6cb71f64256;D:\Android Studio\jbr\bin\server;C:\Users\NOTEBOOK\.gradle\native\1def1411415f61bf3af743bc5b6707747c0891f09f0c88961ee8f79bc544acac\windows-amd64;C:\Users\NOTEBOOK\.gradle\native\0.2.7\x86_64-windows-gnu

VM Arguments:
jvm_args: --add-opens=java.base/java.lang=ALL-UNNAMED --add-opens=java.base/java.lang.invoke=ALL-UNNAMED --add-opens=java.base/java.util=ALL-UNNAMED --add-opens=java.prefs/java.util.prefs=ALL-UNNAMED --add-exports=jdk.compiler/com.sun.tools.javac.api=ALL-UNNAMED --add-exports=jdk.compiler/com.sun.tools.javac.util=ALL-UNNAMED --add-opens=java.base/java.util=ALL-UNNAMED --add-opens=java.prefs/java.util.prefs=ALL-UNNAMED --add-opens=java.base/java.nio.charset=ALL-UNNAMED --add-opens=java.base/java.net=ALL-UNNAMED --add-opens=java.base/java.util.concurrent.atomic=ALL-UNNAMED --add-opens=java.xml/javax.xml.namespace=ALL-UNNAMED -Xmx2048m -Dfile.encoding=UTF-8 -Duser.country=US -Duser.language=en -Duser.variant -javaagent:C:\Users\NOTEBOOK\.gradle\wrapper\dists\gradle-8.13-bin\5xuhj0ry160q40clulazy9h7d\gradle-8.13\lib\agents\gradle-instrumentation-agent-8.13.jar 
java_command: org.gradle.launcher.daemon.bootstrap.GradleDaemon 8.13
java_class_path (initial): C:\Users\NOTEBOOK\.gradle\wrapper\dists\gradle-8.13-bin\5xuhj0ry160q40clulazy9h7d\gradle-8.13\lib\gradle-daemon-main-8.13.jar
Launcher Type: SUN_STANDARD

[Global flags]
     intx CICompilerCount                          = 3                                         {product} {ergonomic}
     uint ConcGCThreads                            = 1                                         {product} {ergonomic}
     uint G1ConcRefinementThreads                  = 4                                         {product} {ergonomic}
   size_t G1HeapRegionSize                         = 1048576                                   {product} {ergonomic}
    uintx GCDrainStackTargetSize                   = 64                                        {product} {ergonomic}
   size_t InitialHeapSize                          = 134217728                                 {product} {ergonomic}
   size_t MarkStackSize                            = 4194304                                   {product} {ergonomic}
   size_t MaxHeapSize                              = 2147483648                                {product} {command line}
   size_t MaxNewSize                               = 1287651328                                {product} {ergonomic}
   size_t MinHeapDeltaBytes                        = 1048576                                   {product} {ergonomic}
   size_t MinHeapSize                              = 8388608                                   {product} {ergonomic}
    uintx NonNMethodCodeHeapSize                   = 5832780                                {pd product} {ergonomic}
    uintx NonProfiledCodeHeapSize                  = 122912730                              {pd product} {ergonomic}
    uintx ProfiledCodeHeapSize                     = 122912730                              {pd product} {ergonomic}
    uintx ReservedCodeCacheSize                    = 251658240                              {pd product} {ergonomic}
     bool SegmentedCodeCache                       = true                                      {product} {ergonomic}
   size_t SoftMaxHeapSize                          = 2147483648                             {manageable} {ergonomic}
     bool UseCompressedOops                        = true                           {product lp64_product} {ergonomic}
     bool UseG1GC                                  = true                                      {product} {ergonomic}
     bool UseLargePagesIndividualAllocation        = false                                  {pd product} {ergonomic}

Logging:
Log output configuration:
 #0: stdout all=warning uptime,level,tags foldmultilines=false
 #1: stderr all=off uptime,level,tags foldmultilines=false

Environment Variables:
PATH=C:\Program Files (x86)\Common Files\Oracle\Java\java8path;C:\Program Files (x86)\Common Files\Oracle\Java\javapath;C:\Program Files (x86)\Intel\iCLS Client\;C:\Program Files\Intel\iCLS Client\;C:\Windows\system32;C:\Windows;C:\Windows\System32\Wbem;C:\Windows\System32\WindowsPowerShell\v1.0\;C:\Program Files (x86)\Intel\Intel(R) Management Engine Components\DAL;C:\Program Files\Intel\Intel(R) Management Engine Components\DAL;C:\Program Files (x86)\Intel\Intel(R) Management Engine Components\IPT;C:\Program Files\Intel\Intel(R) Management Engine Components\IPT;C:\Program Files (x86)\NVIDIA Corporation\PhysX\Common;C:\WINDOWS\system32;C:\WINDOWS;C:\WINDOWS\System32\Wbem;C:\WINDOWS\System32\WindowsPowerShell\v1.0\;C:\WINDOWS\System32\OpenSSH\;C:\Program Files\dotnet\;C:\xampp\php;C:\Users\NOTEBOOK\AppData\Local\Microsoft\WindowsApps;C:\Users\NOTEBOOK\AppData\Local\Programs\Microsoft VS Code\bin
USERNAME=NOTEBOOK
OS=Windows_NT
PROCESSOR_IDENTIFIER=Intel64 Family 6 Model 142 Stepping 9, GenuineIntel
TMP=C:\Users\NOTEBOOK\AppData\Local\Temp
TEMP=C:\Users\NOTEBOOK\AppData\Local\Temp




Periodic native trim disabled

JNI global refs:
JNI global refs: 26, weak refs: 0

JNI global refs memory usage: 835, weak refs: 833

Process memory usage:
Resident Set Size: 411800K (4% of 8266272K total physical memory with 393596K free physical memory)

OOME stack traces (most recent first):
Classloader memory used:
Loader org.gradle.internal.classloader.VisitableURLClassLoader                         : 41758K
Loader bootstrap                                                                       : 27986K
Loader org.gradle.internal.classloader.VisitableURLClassLoader$InstrumentingVisitableURLClassLoader: 24606K
Loader org.gradle.initialization.MixInLegacyTypesClassLoader                           : 12463K
Loader jdk.internal.loader.ClassLoaders$PlatformClassLoader                            : 521K
Loader jdk.internal.reflect.DelegatingClassLoader                                      : 267K
Loader jdk.internal.loader.ClassLoaders$AppClassLoader                                 : 235K
Loader org.gradle.internal.classloader.VisitableURLClassLoader                         : 213K
Loader org.gradle.groovy.scripts.internal.DefaultScriptCompilationHandler$ScriptClassLoader: 123K
Loader org.codehaus.groovy.runtime.callsite.CallSiteClassLoader                        : 17296B

Classes loaded by more than one classloader:
Class Program                                                                         : loaded 5 times (x 72B)
Class Build_gradle                                                                    : loaded 3 times (x 130B)
Class Build_gradle$1                                                                  : loaded 3 times (x 74B)
Class org.gradle.internal.classloader.FilteringClassLoader                            : loaded 2 times (x 105B)
Class com.google.common.base.CharMatcher$IsEither                                     : loaded 2 times (x 111B)
Class ijJvmDebugger1_qlzqjlnis5tlqp5tzexgxb5m$_run_closure1$_closure2                 : loaded 2 times (x 140B)
Class org.gradle.internal.classloader.ClassLoaderHierarchy                            : loaded 2 times (x 70B)
Class com.google.common.collect.ImmutableEnumSet                                      : loaded 2 times (x 146B)
Class com.google.common.util.concurrent.ExecutionError                                : loaded 2 times (x 82B)
Class com.google.common.collect.ImmutableList$1                                       : loaded 2 times (x 97B)
Class ijKotlinCoroutineJvmDebugInit1_9wiwewyo1yunnbtakfchhip8d$_run_closure1$_closure2: loaded 2 times (x 139B)
Class org.gradle.api.internal.classpath.ManifestUtil                                  : loaded 2 times (x 71B)
Class com.google.common.collect.RegularImmutableMap                                   : loaded 2 times (x 121B)
Class com.google.common.collect.ImmutableMap$MapViewOfValuesAsSingletonSets           : loaded 2 times (x 126B)
Class [Lorg.objectweb.asm.Symbol;                                                     : loaded 2 times (x 69B)
Class org.objectweb.asm.ClassVisitor                                                  : loaded 2 times (x 88B)
Class com.google.common.collect.UnmodifiableListIterator                              : loaded 2 times (x 95B)
Class com.google.common.base.Platform$JdkPatternCompiler                              : loaded 2 times (x 75B)
Class org.objectweb.asm.MethodTooLargeException                                       : loaded 2 times (x 83B)
Class [Lcom.google.common.cache.CacheBuilder$OneWeigher;                              : loaded 2 times (x 69B)
Class com.google.common.base.Suppliers                                                : loaded 2 times (x 71B)
Class org.gradle.internal.classloader.DefaultClassLoaderFactory                       : loaded 2 times (x 82B)
Class org.gradle.internal.classloader.ClassLoaderVisitor                              : loaded 2 times (x 76B)
Class [Lcom.google.common.collect.ImmutableMapEntry;                                  : loaded 2 times (x 69B)
Class org.gradle.api.internal.classpath.EffectiveClassPath                            : loaded 2 times (x 90B)
Class com.google.common.collect.ImmutableRangeSet                                     : loaded 2 times (x 115B)
Class com.google.common.collect.ListMultimap                                          : loaded 2 times (x 70B)
Class com.google.common.collect.ImmutableEnumMap                                      : loaded 2 times (x 126B)
Class com.google.common.collect.Sets$1                                                : loaded 2 times (x 139B)
Class org.objectweb.asm.AnnotationVisitor                                             : loaded 2 times (x 78B)
Class org.gradle.api.internal.DefaultClassPathProvider                                : loaded 2 times (x 76B)
Class com.google.common.collect.Sets$2                                                : loaded 2 times (x 139B)
Class [Lorg.gradle.api.internal.ClassPathProvider;                                    : loaded 2 times (x 69B)
Class org.gradle.api.internal.ClassPathProvider                                       : loaded 2 times (x 70B)
Class [Lorg.objectweb.asm.AnnotationVisitor;                                          : loaded 2 times (x 69B)
Class com.google.common.collect.Sets$3                                                : loaded 2 times (x 139B)
Class com.google.common.util.concurrent.AbstractFuture$SafeAtomicHelper               : loaded 2 times (x 79B)
Class com.google.common.cache.LocalCache$LocalLoadingCache                            : loaded 2 times (x 134B)
Class org.gradle.internal.service.UnknownServiceException                             : loaded 2 times (x 83B)
Class com.google.common.collect.Sets$4                                                : loaded 2 times (x 139B)
Class org.objectweb.asm.ModuleVisitor                                                 : loaded 2 times (x 81B)
Class com.google.common.cache.LocalCache$Strength$1                                   : loaded 2 times (x 81B)
Class com.google.common.util.concurrent.SettableFuture                                : loaded 2 times (x 114B)
Class com.google.common.cache.LocalCache$Strength$2                                   : loaded 2 times (x 81B)
Class com.google.common.cache.LocalCache$Strength$3                                   : loaded 2 times (x 81B)
Class com.google.common.collect.MapDifference                                         : loaded 2 times (x 70B)
Class org.objectweb.asm.FieldWriter                                                   : loaded 2 times (x 78B)
Class com.google.common.cache.CacheBuilder$NullListener                               : loaded 2 times (x 82B)
Class org.gradle.internal.classpath.TransformedClassPath                              : loaded 2 times (x 96B)
Class org.gradle.internal.classloader.InstrumentingClassLoader                        : loaded 2 times (x 70B)
Class com.google.common.collect.ImmutableRangeSet$AsSet                               : loaded 2 times (x 300B)
Class com.google.common.cache.CacheLoader$FunctionToCacheLoader                       : loaded 2 times (x 75B)
Class com.google.common.collect.Iterators$ArrayItr                                    : loaded 2 times (x 97B)
Class com.google.common.collect.ImmutableCollection$Builder                           : loaded 2 times (x 76B)
Class com.google.common.base.Joiner                                                   : loaded 2 times (x 79B)
Class com.google.common.base.MoreObjects                                              : loaded 2 times (x 71B)
Class com.google.common.collect.Platform                                              : loaded 2 times (x 71B)
Class [Lorg.objectweb.asm.Type;                                                       : loaded 2 times (x 69B)
Class com.google.common.collect.UnmodifiableIterator                                  : loaded 2 times (x 80B)
Class org.gradle.internal.service.ServiceLocator                                      : loaded 2 times (x 70B)
Class com.google.common.base.Ascii                                                    : loaded 2 times (x 71B)
Class com.google.common.collect.SingletonImmutableBiMap                               : loaded 2 times (x 143B)
Class com.google.common.cache.LocalCache$1                                            : loaded 2 times (x 89B)
Class com.google.common.collect.AbstractMapEntry                                      : loaded 2 times (x 81B)
Class com.google.common.collect.Sets$ImprovedAbstractSet                              : loaded 2 times (x 135B)
Class com.google.common.collect.ImmutableList$Builder                                 : loaded 2 times (x 77B)
Class com.google.common.collect.AbstractMultimap                                      : loaded 2 times (x 123B)
Class com.google.common.cache.LocalCache$2                                            : loaded 2 times (x 142B)
Class com.google.common.collect.ImmutableRangeSet$1                                   : loaded 2 times (x 210B)
Class com.google.common.util.concurrent.AbstractFuture$UnsafeAtomicHelper$1           : loaded 2 times (x 76B)
Class com.google.common.collect.RegularImmutableAsList                                : loaded 2 times (x 217B)
Class com.google.common.collect.Range                                                 : loaded 2 times (x 87B)
Class com.google.common.util.concurrent.AbstractFuture$Trusted                        : loaded 2 times (x 70B)
Class com.google.common.collect.Iterators                                             : loaded 2 times (x 71B)
Class com.google.common.collect.Lists$StringAsImmutableList                           : loaded 2 times (x 207B)
Class com.google.common.util.concurrent.UncheckedExecutionException                   : loaded 2 times (x 82B)
Class org.gradle.kotlin.dsl.VersionCatalogAccessorsKt                                 : loaded 2 times (x 71B)
Class ijJvmDebugger1_qlzqjlnis5tlqp5tzexgxb5m$_run_closure1                           : loaded 2 times (x 139B)
Class org.gradle.internal.InternalTransformer                                         : loaded 2 times (x 70B)
Class com.google.common.collect.AbstractMapBasedMultimap$KeySet$1                     : loaded 2 times (x 82B)
Class org.objectweb.asm.ClassWriter                                                   : loaded 2 times (x 106B)
Class com.google.common.cache.CacheLoader$UnsupportedLoadingOperationException        : loaded 2 times (x 82B)
Class com.google.common.base.CharMatcher$And                                          : loaded 2 times (x 112B)
Class org.gradle.internal.classloader.ClasspathUtil$1                                 : loaded 2 times (x 76B)
Class org.objectweb.asm.FieldVisitor                                                  : loaded 2 times (x 77B)
Class com.google.common.collect.IndexedImmutableSet                                   : loaded 2 times (x 152B)
Class com.google.common.collect.ImmutableMap$1                                        : loaded 2 times (x 81B)
Class com.google.common.collect.BiMap                                                 : loaded 2 times (x 70B)
Class org.gradle.api.internal.classpath.DefaultModuleRegistry$DefaultModule           : loaded 2 times (x 86B)
Class com.google.common.primitives.Ints                                               : loaded 2 times (x 71B)
Class com.google.common.collect.AbstractIterator                                      : loaded 2 times (x 82B)
Class com.google.common.collect.ObjectArrays                                          : loaded 2 times (x 71B)
Class com.google.common.collect.RegularImmutableMap$KeySet                            : loaded 2 times (x 152B)
Class com.google.common.collect.ArrayListMultimapGwtSerializationDependencies         : loaded 2 times (x 172B)
Class com.google.common.collect.AbstractIndexedListIterator                           : loaded 2 times (x 96B)
Class com.google.common.math.MathPreconditions                                        : loaded 2 times (x 71B)
Class com.google.common.collect.ImmutableMapEntrySet                                  : loaded 2 times (x 152B)
Class org.gradle.api.internal.classpath.Module                                        : loaded 2 times (x 70B)
Class com.google.common.cache.Weigher                                                 : loaded 2 times (x 70B)
Class org.gradle.api.internal.classpath.UnknownModuleException                        : loaded 2 times (x 82B)
Class com.google.common.base.Stopwatch                                                : loaded 2 times (x 72B)
Class com.google.common.cache.LocalCache$Strength                                     : loaded 2 times (x 81B)
Class com.google.common.cache.Cache                                                   : loaded 2 times (x 70B)
Class com.google.common.util.concurrent.AbstractFuture$Cancellation                   : loaded 2 times (x 72B)
Class com.google.common.collect.ImmutableMap$Builder                                  : loaded 2 times (x 82B)
Class com.google.common.cache.RemovalListener                                         : loaded 2 times (x 70B)
Class org.gradle.api.internal.DefaultClassPathRegistry                                : loaded 2 times (x 76B)
Class com.google.common.primitives.IntsMethodsForWeb                                  : loaded 2 times (x 71B)
Class com.google.common.collect.Multimap                                              : loaded 2 times (x 70B)
Class ijJvmDebugger1_qlzqjlnis5tlqp5tzexgxb5m                                         : loaded 2 times (x 179B)
Class org.gradle.api.internal.ClassPathRegistry                                       : loaded 2 times (x 70B)
Class org.gradle.internal.classpath.DefaultClassPath$ImmutableUniqueList              : loaded 2 times (x 199B)
Class com.google.common.base.Equivalence$Identity                                     : loaded 2 times (x 82B)
Class com.google.common.cache.CacheBuilder                                            : loaded 2 times (x 72B)
Class com.google.common.collect.SingletonImmutableList                                : loaded 2 times (x 207B)
Class Settings_gradle$1                                                               : loaded 2 times (x 74B)
Class org.gradle.internal.classpath.ClassPath                                         : loaded 2 times (x 70B)
Class org.gradle.api.UncheckedIOException                                             : loaded 2 times (x 82B)
Class com.google.common.base.JdkPattern                                               : loaded 2 times (x 75B)
Class com.google.common.collect.ImmutableList$ReverseImmutableList                    : loaded 2 times (x 209B)
Class org.objectweb.asm.SymbolTable$Entry                                             : loaded 2 times (x 74B)
Class com.google.common.util.concurrent.AbstractFuture$AtomicHelper                   : loaded 2 times (x 78B)
Class org.objectweb.asm.Edge                                                          : loaded 2 times (x 72B)
Class com.google.common.base.Suppliers$SupplierOfInstance                             : loaded 2 times (x 79B)
Class com.google.common.collect.Iterators$1                                           : loaded 2 times (x 81B)
Class com.google.common.cache.LocalCache$ComputingValueReference                      : loaded 2 times (x 96B)
Class com.google.common.collect.SingletonImmutableSet                                 : loaded 2 times (x 146B)
Class com.google.common.collect.ImmutableMap$IteratorBasedImmutableMap                : loaded 2 times (x 126B)
Class com.google.common.cache.LocalCache$Segment                                      : loaded 2 times (x 154B)
Class com.google.common.collect.SortedIterable                                        : loaded 2 times (x 70B)
Class com.google.common.collect.AbstractListMultimap                                  : loaded 2 times (x 172B)
Class [Lorg.objectweb.asm.SymbolTable$Entry;                                          : loaded 2 times (x 69B)
Class com.google.common.cache.CacheLoader                                             : loaded 2 times (x 74B)
Class com.google.common.collect.Iterators$4                                           : loaded 2 times (x 82B)
Class com.google.common.collect.ImmutableBiMap                                        : loaded 2 times (x 143B)
Class org.gradle.internal.installation.GradleInstallation$1                           : loaded 2 times (x 75B)
Class org.gradle.api.internal.classpath.ModuleRegistry                                : loaded 2 times (x 70B)
Class com.google.common.util.concurrent.internal.InternalFutureFailureAccess          : loaded 2 times (x 72B)
Class com.google.common.collect.Iterators$5                                           : loaded 2 times (x 82B)
Class com.google.common.collect.ImmutableSet$JdkBackedSetBuilderImpl                  : loaded 2 times (x 76B)
Class com.google.common.util.concurrent.AbstractFuture$UnsafeAtomicHelper             : loaded 2 times (x 78B)
Class com.google.common.cache.LocalCache$LocalManualCache$1                           : loaded 2 times (x 75B)
Class com.google.common.base.CharMatcher$ForPredicate                                 : loaded 2 times (x 112B)
Class com.google.common.base.CharMatcher$AnyOf                                        : loaded 2 times (x 112B)
Class com.google.common.collect.ImmutableCollection                                   : loaded 2 times (x 125B)
Class org.gradle.api.internal.classpath.DefaultModuleRegistry                         : loaded 2 times (x 86B)
Class com.google.common.collect.Lists                                                 : loaded 2 times (x 71B)
Class com.google.common.util.concurrent.ListenableFuture                              : loaded 2 times (x 70B)
Class com.google.common.cache.ReferenceEntry                                          : loaded 2 times (x 70B)
Class com.google.common.base.Converter                                                : loaded 2 times (x 90B)
Class com.google.common.collect.ImmutableSet$CachingAsList                            : loaded 2 times (x 148B)
Class com.google.common.collect.AbstractMapBasedMultimap                              : loaded 2 times (x 139B)
Class com.google.common.util.concurrent.AbstractFuture                                : loaded 2 times (x 106B)
Class com.google.common.base.FunctionalEquivalence                                    : loaded 2 times (x 83B)
Class com.google.common.collect.Iterators$9                                           : loaded 2 times (x 81B)
Class com.google.common.collect.ImmutableAsList                                       : loaded 2 times (x 209B)
Class org.objectweb.asm.RecordComponentVisitor                                        : loaded 2 times (x 77B)
Class com.google.common.cache.CacheLoader$SupplierToCacheLoader                       : loaded 2 times (x 75B)
Class com.google.common.collect.Maps$EntryTransformer                                 : loaded 2 times (x 70B)
Class org.gradle.internal.service.ServiceLookupException                              : loaded 2 times (x 82B)
Class com.google.common.collect.ImmutableSortedSet                                    : loaded 2 times (x 300B)
Class [Lcom.google.common.cache.LocalCache$EntryFactory;                              : loaded 2 times (x 69B)
Class org.gradle.internal.classloader.ClassLoaderFactory                              : loaded 2 times (x 70B)
Class com.google.common.base.CommonPattern                                            : loaded 2 times (x 74B)
Class com.google.common.cache.LocalCache$LocalManualCache                             : loaded 2 times (x 99B)
Class com.google.common.base.CharMatcher$IsNot                                        : loaded 2 times (x 111B)
Class org.gradle.internal.service.CachingServiceLocator                               : loaded 2 times (x 82B)
Class com.google.common.collect.AbstractMapBasedMultimap$KeySet                       : loaded 2 times (x 137B)
Class com.google.common.collect.RegularImmutableSortedSet                             : loaded 2 times (x 300B)
Class com.google.common.math.IntMath                                                  : loaded 2 times (x 71B)
Class com.google.common.collect.ImmutableMapEntry                                     : loaded 2 times (x 85B)
Class com.google.common.base.Equivalence                                              : loaded 2 times (x 82B)
Class com.google.common.base.Function                                                 : loaded 2 times (x 70B)
Class com.google.common.collect.ImmutableMapEntry$NonTerminalImmutableMapEntry        : loaded 2 times (x 85B)
Class com.google.common.cache.CacheBuilder$OneWeigher                                 : loaded 2 times (x 82B)
Class com.google.common.collect.RegularImmutableList                                  : loaded 2 times (x 213B)
Class org.gradle.internal.classloader.ClasspathUtil                                   : loaded 2 times (x 71B)
Class com.google.common.base.Charsets                                                 : loaded 2 times (x 71B)
Class com.google.common.util.concurrent.Uninterruptibles                              : loaded 2 times (x 71B)
Class com.google.common.collect.Maps                                                  : loaded 2 times (x 71B)
Class org.gradle.api.specs.Spec                                                       : loaded 2 times (x 70B)
Class [Lcom.google.common.collect.ImmutableEntry;                                     : loaded 2 times (x 69B)
Class com.google.common.cache.LocalCache$LoadingValueReference                        : loaded 2 times (x 96B)
Class ijKotlinCoroutineJvmDebugInit1_9wiwewyo1yunnbtakfchhip8d$_run_closure1          : loaded 2 times (x 139B)
Class com.google.common.collect.Multiset                                              : loaded 2 times (x 70B)
Class com.google.common.base.Platform                                                 : loaded 2 times (x 71B)
Class [Lorg.objectweb.asm.AnnotationWriter;                                           : loaded 2 times (x 69B)
Class com.google.common.collect.Maps$8                                                : loaded 2 times (x 82B)
Class com.google.common.collect.ImmutableRangeSet$Builder                             : loaded 2 times (x 77B)
Class com.google.common.collect.Sets$SetView                                          : loaded 2 times (x 138B)
Class com.google.common.cache.LocalCache$StrongValueReference                         : loaded 2 times (x 90B)
Class com.google.common.util.concurrent.AbstractFuture$SynchronizedHelper             : loaded 2 times (x 78B)
Class org.objectweb.asm.Type                                                          : loaded 2 times (x 72B)
Class org.gradle.internal.classloader.VisitableURLClassLoader$InstrumentingVisitableURLClassLoader: loaded 2 times (x 123B)
Class org.objectweb.asm.ByteVector                                                    : loaded 2 times (x 79B)
Class [Lcom.google.common.cache.CacheBuilder$NullListener;                            : loaded 2 times (x 69B)
Class com.google.common.math.IntMath$1                                                : loaded 2 times (x 71B)
Class org.gradle.internal.classloader.VisitableURLClassLoader$Spec                    : loaded 2 times (x 74B)
Class org.gradle.internal.classpath.DefaultClassPath                                  : loaded 2 times (x 90B)
Class org.objectweb.asm.Symbol                                                        : loaded 2 times (x 73B)
Class com.google.common.base.CharMatcher$Ascii                                        : loaded 2 times (x 112B)
Class com.google.common.base.CharMatcher$BitSetMatcher                                : loaded 2 times (x 112B)
Class com.google.common.collect.RegularImmutableMap$Values                            : loaded 2 times (x 207B)
Class com.google.common.collect.ImmutableSet                                          : loaded 2 times (x 145B)
Class org.gradle.internal.classloader.ClassLoaderSpec                                 : loaded 2 times (x 71B)
Class org.objectweb.asm.AnnotationWriter                                              : loaded 2 times (x 79B)
Class com.google.common.cache.CacheStats                                              : loaded 2 times (x 71B)
Class org.objectweb.asm.RecordComponentWriter                                         : loaded 2 times (x 78B)
Class com.google.common.util.concurrent.AbstractFuture$Listener                       : loaded 2 times (x 72B)
Class com.google.common.base.CharMatcher$Or                                           : loaded 2 times (x 112B)
Class Settings_gradle$1$1                                                             : loaded 2 times (x 74B)
Class org.objectweb.asm.Attribute                                                     : loaded 2 times (x 77B)
Class com.google.common.base.Supplier                                                 : loaded 2 times (x 70B)
Class org.gradle.internal.classloader.VisitableURLClassLoader                         : loaded 2 times (x 117B)
Class com.google.common.util.concurrent.AbstractFuture$Waiter                         : loaded 2 times (x 72B)
Class Settings_gradle                                                                 : loaded 2 times (x 128B)
Class org.gradle.internal.Cast                                                        : loaded 2 times (x 71B)
Class org.gradle.api.Action                                                           : loaded 2 times (x 70B)
Class com.google.common.base.Strings                                                  : loaded 2 times (x 71B)
Class com.google.common.collect.Sets                                                  : loaded 2 times (x 71B)
Class org.objectweb.asm.Handler                                                       : loaded 2 times (x 72B)
Class com.google.common.base.Ticker                                                   : loaded 2 times (x 72B)
Class com.google.common.base.CharMatcher$FastMatcher                                  : loaded 2 times (x 111B)
Class [Lcom.google.common.cache.LocalCache$Segment;                                   : loaded 2 times (x 69B)
Class [Lcom.google.common.cache.LocalCache$Strength;                                  : loaded 2 times (x 69B)
Class com.google.common.cache.CacheBuilder$1                                          : loaded 2 times (x 85B)
Class com.google.common.base.Predicate                                                : loaded 2 times (x 70B)
Class com.google.common.collect.ImmutableMap                                          : loaded 2 times (x 120B)
Class org.gradle.internal.classpath.DefaultClassPath$ImmutableUniqueList$Builder      : loaded 2 times (x 75B)
Class com.google.common.collect.AbstractRangeSet                                      : loaded 2 times (x 114B)
Class com.google.common.cache.LocalCache                                              : loaded 2 times (x 187B)
Class com.google.common.cache.CacheBuilder$2                                          : loaded 2 times (x 79B)
Class com.google.common.base.CharMatcher$NegatedFastMatcher                           : loaded 2 times (x 113B)
Class com.google.common.collect.ArrayListMultimap                                     : loaded 2 times (x 172B)
Class com.google.common.cache.CacheBuilder$3                                          : loaded 2 times (x 72B)
Class [Lcom.google.common.collect.AbstractMapEntry;                                   : loaded 2 times (x 69B)
Class com.google.common.collect.ImmutableEntry                                        : loaded 2 times (x 82B)
Class org.gradle.api.GradleException                                                  : loaded 2 times (x 82B)
Class com.google.common.collect.CollectPreconditions                                  : loaded 2 times (x 71B)
Class com.google.common.collect.SortedMapDifference                                   : loaded 2 times (x 70B)
Class com.google.common.cache.LocalCache$EntryFactory                                 : loaded 2 times (x 83B)
Class com.google.common.cache.LocalCache$AbstractReferenceEntry                       : loaded 2 times (x 107B)
Class org.gradle.internal.IoActions                                                   : loaded 2 times (x 71B)
Class com.google.common.collect.ImmutableRangeSet$ComplementRanges                    : loaded 2 times (x 207B)
Class org.objectweb.asm.SymbolTable                                                   : loaded 2 times (x 72B)
Class com.google.common.cache.CacheLoader$InvalidCacheLoadException                   : loaded 2 times (x 82B)
Class com.google.common.collect.ImmutableSet$RegularSetBuilderImpl                    : loaded 2 times (x 77B)
Class org.gradle.internal.classloader.SystemClassLoaderSpec                           : loaded 2 times (x 71B)
Class com.google.common.cache.LocalCache$StrongEntry                                  : loaded 2 times (x 108B)
Class com.google.common.util.concurrent.AbstractFuture$TrustedFuture                  : loaded 2 times (x 114B)
Class com.google.common.cache.LoadingCache                                            : loaded 2 times (x 70B)
Class org.objectweb.asm.MethodWriter                                                  : loaded 2 times (x 106B)
Class [Lcom.google.common.cache.Weigher;                                              : loaded 2 times (x 69B)
Class com.google.common.collect.RegularImmutableMap$BucketOverflowException           : loaded 2 times (x 82B)
Class com.google.common.collect.RegularImmutableBiMap                                 : loaded 2 times (x 149B)
Class com.google.common.cache.LocalCache$ValueReference                               : loaded 2 times (x 70B)
Class com.google.common.base.CharMatcher$Negated                                      : loaded 2 times (x 113B)
Class com.google.common.base.CharMatcher$Is                                           : loaded 2 times (x 111B)
Class com.google.common.base.PatternCompiler                                          : loaded 2 times (x 70B)
Class com.google.common.util.concurrent.AbstractFuture$Failure                        : loaded 2 times (x 72B)
Class com.google.common.base.Equivalence$Equals                                       : loaded 2 times (x 82B)
Class com.google.common.collect.Hashing                                               : loaded 2 times (x 71B)
Class com.google.common.base.Preconditions                                            : loaded 2 times (x 71B)
Class com.google.common.base.Joiner$1                                                 : loaded 2 times (x 80B)
Class org.objectweb.asm.Label                                                         : loaded 2 times (x 73B)
Class org.objectweb.asm.CurrentFrame                                                  : loaded 2 times (x 73B)
Class org.objectweb.asm.ClassTooLargeException                                        : loaded 2 times (x 83B)
Class com.google.common.base.CharMatcher                                              : loaded 2 times (x 111B)
Class com.google.common.collect.PeekingIterator                                       : loaded 2 times (x 70B)
Class com.google.common.collect.RangeGwtSerializationDependencies                     : loaded 2 times (x 71B)
Class com.google.common.base.Joiner$2                                                 : loaded 2 times (x 79B)
Class org.objectweb.asm.Frame                                                         : loaded 2 times (x 73B)
Class org.objectweb.asm.MethodVisitor                                                 : loaded 2 times (x 105B)
Class com.google.common.cache.LocalCache$EntryFactory$1                               : loaded 2 times (x 83B)
Class [Lcom.google.common.cache.RemovalListener;                                      : loaded 2 times (x 69B)
Class com.google.common.base.CharMatcher$1                                            : loaded 2 times (x 113B)
Class com.google.common.base.CharMatcher$NamedFastMatcher                             : loaded 2 times (x 112B)
Class com.google.common.collect.RangeSet                                              : loaded 2 times (x 70B)
Class com.google.common.cache.LocalCache$EntryFactory$2                               : loaded 2 times (x 83B)
Class org.gradle.api.internal.classpath.GlobalCacheRootsProvider                      : loaded 2 times (x 70B)
Class com.google.common.collect.CollectCollectors                                     : loaded 2 times (x 71B)
Class org.objectweb.asm.ModuleWriter                                                  : loaded 2 times (x 82B)
Class com.google.common.cache.LocalCache$EntryFactory$3                               : loaded 2 times (x 83B)
Class com.google.common.base.Ticker$1                                                 : loaded 2 times (x 72B)
Class com.google.common.collect.Maps$BiMapConverter                                   : loaded 2 times (x 90B)
Class com.google.common.collect.ImmutableMapEntrySet$RegularEntrySet                  : loaded 2 times (x 152B)
Class com.google.common.cache.LocalCache$EntryFactory$4                               : loaded 2 times (x 83B)
Class com.google.common.base.CharMatcher$InRange                                      : loaded 2 times (x 111B)
Class com.google.common.collect.ImmutableSet$Builder                                  : loaded 2 times (x 85B)
Class com.google.common.cache.LocalCache$EntryFactory$5                               : loaded 2 times (x 83B)
Class ijKotlinCoroutineJvmDebugInit1_9wiwewyo1yunnbtakfchhip8d                        : loaded 2 times (x 179B)
Class com.google.common.base.PairwiseEquivalence                                      : loaded 2 times (x 83B)
Class com.google.common.cache.LocalCache$EntryFactory$6                               : loaded 2 times (x 83B)
Class org.gradle.internal.installation.CurrentGradleInstallationLocator               : loaded 2 times (x 71B)
Class com.google.common.collect.Maps$KeySet                                           : loaded 2 times (x 137B)
Class com.google.common.cache.LocalCache$EntryFactory$7                               : loaded 2 times (x 83B)
Class com.google.common.collect.ImmutableSet$EmptySetBuilderImpl                      : loaded 2 times (x 76B)
Class com.google.common.collect.ImmutableList                                         : loaded 2 times (x 206B)
Class org.gradle.internal.service.DefaultServiceLocator                               : loaded 2 times (x 83B)
Class com.google.common.cache.LocalCache$EntryFactory$8                               : loaded 2 times (x 83B)
Class com.google.common.collect.ImmutableSet$SetBuilderImpl                           : loaded 2 times (x 76B)
Class org.gradle.internal.installation.CurrentGradleInstallation                      : loaded 2 times (x 73B)
Class com.google.common.cache.CacheLoader$1                                           : loaded 2 times (x 75B)
Class com.google.common.collect.ImmutableList$SubList                                 : loaded 2 times (x 209B)
Class org.gradle.util.internal.GUtil                                                  : loaded 2 times (x 71B)
Class com.google.common.util.concurrent.AbstractFuture$SetFuture                      : loaded 2 times (x 75B)
Class com.google.common.cache.AbstractCache$StatsCounter                              : loaded 2 times (x 70B)
Class com.google.common.collect.Iterators$MergingIterator                             : loaded 2 times (x 81B)
Class com.google.common.collect.RegularImmutableSet                                   : loaded 2 times (x 149B)
Class org.gradle.internal.installation.GradleInstallation                             : loaded 2 times (x 75B)
Class com.google.common.collect.Iterables                                             : loaded 2 times (x 71B)

---------------  S Y S T E M  ---------------

OS:
 Windows 10 , 64 bit Build 19041 (10.0.19041.5915)
OS uptime: 1 days 10:04 hours

CPU: total 4 (initial active 4) (2 cores per cpu, 2 threads per core) family 6 model 142 stepping 9 microcode 0xb4, cx8, cmov, fxsr, ht, mmx, 3dnowpref, sse, sse2, sse3, ssse3, sse4.1, sse4.2, popcnt, lzcnt, tsc, tscinvbit, avx, avx2, aes, erms, clmul, bmi1, bmi2, adx, fma, vzeroupper, clflush, clflushopt, rdtscp, f16c
Processor Information for the first 4 processors :
  Max Mhz: 2904, Current Mhz: 2703, Mhz Limit: 2700

Memory: 4k page, system-wide physical 8072M (379M free)
TotalPageFile size 16680M (AvailPageFile size 4M)
current process WorkingSet (physical memory assigned to process): 402M, peak: 413M
current process commit charge ("private bytes"): 457M, peak: 459M

vm_info: OpenJDK 64-Bit Server VM (21.0.8+-14196175-b1038.72) for windows-amd64 JRE (21.0.8+-14196175-b1038.72), built on 2025-10-01T10:24:33Z by "builder" with MS VC++ 16.10 / 16.11 (VS2019)

END.
