#
# There is insufficient memory for the Java Runtime Environment to continue.
# Native memory allocation (malloc) failed to allocate 1096256 bytes. Error detail: Chunk::new
# Possible reasons:
#   The system is out of physical RAM or swap space
#   This process is running with CompressedOops enabled, and the Java Heap may be blocking the growth of the native heap
# Possible solutions:
#   Reduce memory load on the system
#   Increase physical memory or swap space
#   Check if swap backing store is full
#   Decrease Java heap size (-Xmx/-Xms)
#   Decrease number of Java threads
#   Decrease Java thread stack sizes (-Xss)
#   Set larger code cache with -XX:ReservedCodeCacheSize=
#   JVM is running with Unscaled Compressed Oops mode in which the Java heap is
#     placed in the first 4GB address space. The Java Heap base address is the
#     maximum limit for the native heap growth. Please use -XX:HeapBaseMinAddress
#     to set the Java Heap base and to place the Java Heap above 4GB virtual address.
# This output file may be truncated or incomplete.
#
#  Out of Memory Error (arena.cpp:168), pid=15380, tid=1300
#
# JRE version: OpenJDK Runtime Environment (21.0.8) (build 21.0.8+-14196175-b1038.72)
# Java VM: OpenJDK 64-Bit Server VM (21.0.8+-14196175-b1038.72, mixed mode, tiered, compressed oops, compressed class ptrs, g1 gc, windows-amd64)
# No core dump will be written. Minidumps are not enabled by default on client versions of Windows
#

---------------  S U M M A R Y ------------

Command Line: --add-opens=java.base/java.lang=ALL-UNNAMED --add-opens=java.base/java.lang.invoke=ALL-UNNAMED --add-opens=java.base/java.util=ALL-UNNAMED --add-opens=java.prefs/java.util.prefs=ALL-UNNAMED --add-exports=jdk.compiler/com.sun.tools.javac.api=ALL-UNNAMED --add-exports=jdk.compiler/com.sun.tools.javac.util=ALL-UNNAMED --add-opens=java.base/java.util=ALL-UNNAMED --add-opens=java.prefs/java.util.prefs=ALL-UNNAMED --add-opens=java.base/java.nio.charset=ALL-UNNAMED --add-opens=java.base/java.net=ALL-UNNAMED --add-opens=java.base/java.util.concurrent.atomic=ALL-UNNAMED --add-opens=java.xml/javax.xml.namespace=ALL-UNNAMED -Xmx2048m -Dfile.encoding=UTF-8 -Duser.country=US -Duser.language=en -Duser.variant -javaagent:C:\Users\NOTEBOOK\.gradle\wrapper\dists\gradle-8.13-bin\5xuhj0ry160q40clulazy9h7d\gradle-8.13\lib\agents\gradle-instrumentation-agent-8.13.jar org.gradle.launcher.daemon.bootstrap.GradleDaemon 8.13

Host: Intel(R) Core(TM) i7-7500U CPU @ 2.70GHz, 4 cores, 7G,  Windows 10 , 64 bit Build 19041 (10.0.19041.5915)
Time: Mon Jan 26 08:25:59 2026 SE Asia Standard Time elapsed time: 68.548261 seconds (0d 0h 1m 8s)

---------------  T H R E A D  ---------------

Current thread (0x00000264114b45e0):  JavaThread "C2 CompilerThread0" daemon [_thread_in_native, id=1300, stack(0x000000c26cb00000,0x000000c26cc00000) (1024K)]


Current CompileTask:
C2:68548 10295 %     4       org.gradle.internal.instantiation.generator.AbstractClassGenerator::inspectType @ 249 (602 bytes)

Stack: [0x000000c26cb00000,0x000000c26cc00000]
Native frames: (J=compiled Java code, j=interpreted, Vv=VM code, C=native code)
V  [jvm.dll+0x6d68d9]
V  [jvm.dll+0x866693]
V  [jvm.dll+0x868c4e]
V  [jvm.dll+0x869333]
V  [jvm.dll+0x280566]
V  [jvm.dll+0xc07cd]
V  [jvm.dll+0xc0d03]
V  [jvm.dll+0x2f5970]
V  [jvm.dll+0x5ff719]
V  [jvm.dll+0x252362]
V  [jvm.dll+0x24ab5d]
V  [jvm.dll+0x24871e]
V  [jvm.dll+0x1c73a4]
V  [jvm.dll+0x257f9e]
V  [jvm.dll+0x2564e6]
V  [jvm.dll+0x3f4696]
V  [jvm.dll+0x80eac8]
V  [jvm.dll+0x6d512d]
C  [ucrtbase.dll+0x21bb2]
C  [KERNEL32.DLL+0x17374]
C  [ntdll.dll+0x4cc91]


---------------  P R O C E S S  ---------------

Threads class SMR info:
_java_thread_list=0x000002641ab5a880, length=57, elements={
0x000002647a4546d0, 0x0000026411466740, 0x000002641148f850, 0x00000264114ad360,
0x00000264114c6610, 0x00000264114c7070, 0x00000264114c7ad0, 0x00000264114c8530,
0x00000264114b45e0, 0x00000264114d33a0, 0x00000264117a0270, 0x000002641769b340,
0x00000264167fd700, 0x0000026416972a70, 0x00000264176e1ba0, 0x0000026416d1fdf0,
0x00000264176d8430, 0x0000026416c4b4b0, 0x000002641173e0f0, 0x000002641173da60,
0x000002641173b990, 0x000002641173c020, 0x000002641173b300, 0x000002641173c6b0,
0x000002641173e780, 0x00000264180e8070, 0x00000264180ef000, 0x00000264180eb4f0,
0x00000264180ebb80, 0x00000264180e9420, 0x00000264180ec210, 0x00000264180ec8a0,
0x00000264180e8d90, 0x00000264180e9ab0, 0x00000264180ed5c0, 0x00000264180ee970,
0x0000026419eea3e0, 0x0000026419ee89a0, 0x0000026419ee75f0, 0x0000026419ee9d50,
0x0000026419ee8310, 0x0000026419ee7c80, 0x0000026419ee6f60, 0x0000026419ee9030,
0x0000026419ee96c0, 0x000002641839add0, 0x000002641839fc90, 0x000002641839b460,
0x000002641839baf0, 0x000002641839c180, 0x000002641839e250, 0x00000264183a09b0,
0x000002641839a0b0, 0x00000264183a0320, 0x00000264182b8260, 0x00000264182bd7b0,
0x00000264182b7bd0
}

Java Threads: ( => current thread )
  0x000002647a4546d0 JavaThread "main"                              [_thread_blocked, id=12328, stack(0x000000c26bc00000,0x000000c26bd00000) (1024K)]
  0x0000026411466740 JavaThread "Common-Cleaner"             daemon [_thread_blocked, id=11736, stack(0x000000c26c400000,0x000000c26c500000) (1024K)]
  0x000002641148f850 JavaThread "Reference Handler"          daemon [_thread_blocked, id=13092, stack(0x000000c26c500000,0x000000c26c600000) (1024K)]
  0x00000264114ad360 JavaThread "Finalizer"                  daemon [_thread_blocked, id=3744, stack(0x000000c26c600000,0x000000c26c700000) (1024K)]
  0x00000264114c6610 JavaThread "Signal Dispatcher"          daemon [_thread_blocked, id=10956, stack(0x000000c26c700000,0x000000c26c800000) (1024K)]
  0x00000264114c7070 JavaThread "Attach Listener"            daemon [_thread_blocked, id=9628, stack(0x000000c26c800000,0x000000c26c900000) (1024K)]
  0x00000264114c7ad0 JavaThread "Service Thread"             daemon [_thread_blocked, id=4748, stack(0x000000c26c900000,0x000000c26ca00000) (1024K)]
  0x00000264114c8530 JavaThread "Monitor Deflation Thread"   daemon [_thread_blocked, id=7704, stack(0x000000c26ca00000,0x000000c26cb00000) (1024K)]
=>0x00000264114b45e0 JavaThread "C2 CompilerThread0"         daemon [_thread_in_native, id=1300, stack(0x000000c26cb00000,0x000000c26cc00000) (1024K)]
  0x00000264114d33a0 JavaThread "C1 CompilerThread0"         daemon [_thread_blocked, id=3520, stack(0x000000c26cc00000,0x000000c26cd00000) (1024K)]
  0x00000264117a0270 JavaThread "Notification Thread"        daemon [_thread_blocked, id=18416, stack(0x000000c26cd00000,0x000000c26ce00000) (1024K)]
  0x000002641769b340 JavaThread "Daemon health stats"               [_thread_blocked, id=9224, stack(0x000000c26d100000,0x000000c26d200000) (1024K)]
  0x00000264167fd700 JavaThread "Incoming local TCP Connector on port 53717"        [_thread_in_native, id=16684, stack(0x000000c26d200000,0x000000c26d300000) (1024K)]
  0x0000026416972a70 JavaThread "Daemon periodic checks"            [_thread_blocked, id=15868, stack(0x000000c26d300000,0x000000c26d400000) (1024K)]
  0x00000264176e1ba0 JavaThread "Daemon"                            [_thread_blocked, id=10068, stack(0x000000c26d400000,0x000000c26d500000) (1024K)]
  0x0000026416d1fdf0 JavaThread "Handler for socket connection from /127.0.0.1:53717 to /127.0.0.1:53718"        [_thread_in_native, id=2040, stack(0x000000c26d500000,0x000000c26d600000) (1024K)]
  0x00000264176d8430 JavaThread "Cancel handler"                    [_thread_blocked, id=16036, stack(0x000000c26d600000,0x000000c26d700000) (1024K)]
  0x0000026416c4b4b0 JavaThread "Daemon worker"                     [_thread_in_vm, id=13988, stack(0x000000c26d700000,0x000000c26d800000) (1024K)]
  0x000002641173e0f0 JavaThread "Asynchronous log dispatcher for DefaultDaemonConnection: socket connection from /127.0.0.1:53717 to /127.0.0.1:53718"        [_thread_blocked, id=16092, stack(0x000000c26d800000,0x000000c26d900000) (1024K)]
  0x000002641173da60 JavaThread "Stdin handler"                     [_thread_blocked, id=16980, stack(0x000000c26d900000,0x000000c26da00000) (1024K)]
  0x000002641173b990 JavaThread "Daemon client event forwarder"        [_thread_blocked, id=5432, stack(0x000000c26da00000,0x000000c26db00000) (1024K)]
  0x000002641173c020 JavaThread "Cache worker for journal cache (C:\Users\NOTEBOOK\.gradle\caches\journal-1)"        [_thread_blocked, id=17116, stack(0x000000c26db00000,0x000000c26dc00000) (1024K)]
  0x000002641173b300 JavaThread "File lock request listener"        [_thread_in_native, id=7712, stack(0x000000c26dc00000,0x000000c26dd00000) (1024K)]
  0x000002641173c6b0 JavaThread "Cache worker for file hash cache (C:\Users\NOTEBOOK\.gradle\caches\8.13\fileHashes)"        [_thread_blocked, id=3652, stack(0x000000c26dd00000,0x000000c26de00000) (1024K)]
  0x000002641173e780 JavaThread "Cache worker for file hash cache (C:\Users\NOTEBOOK\AndroidStudioProjects\billrt\.gradle\8.13\fileHashes)"        [_thread_blocked, id=7332, stack(0x000000c26de00000,0x000000c26df00000) (1024K)]
  0x00000264180e8070 JavaThread "Cache worker for Build Output Cleanup Cache (C:\Users\NOTEBOOK\AndroidStudioProjects\billrt\.gradle\buildOutputCleanup)"        [_thread_blocked, id=8984, stack(0x000000c26df00000,0x000000c26e000000) (1024K)]
  0x00000264180ef000 JavaThread "File watcher server"        daemon [_thread_in_native, id=14100, stack(0x000000c26e000000,0x000000c26e100000) (1024K)]
  0x00000264180eb4f0 JavaThread "File watcher consumer"      daemon [_thread_blocked, id=9180, stack(0x000000c26e100000,0x000000c26e200000) (1024K)]
  0x00000264180ebb80 JavaThread "jar transforms"                    [_thread_blocked, id=12716, stack(0x000000c26e200000,0x000000c26e300000) (1024K)]
  0x00000264180e9420 JavaThread "jar transforms Thread 2"           [_thread_blocked, id=8732, stack(0x000000c26e300000,0x000000c26e400000) (1024K)]
  0x00000264180ec210 JavaThread "Cache worker for checksums cache (C:\Users\NOTEBOOK\AndroidStudioProjects\billrt\.gradle\8.13\checksums)"        [_thread_blocked, id=12036, stack(0x000000c26e400000,0x000000c26e500000) (1024K)]
  0x00000264180ec8a0 JavaThread "Cache worker for file content cache (C:\Users\NOTEBOOK\.gradle\caches\8.13\fileContent)"        [_thread_blocked, id=11608, stack(0x000000c26e500000,0x000000c26e600000) (1024K)]
  0x00000264180e8d90 JavaThread "jar transforms Thread 3"           [_thread_blocked, id=15876, stack(0x000000c26e600000,0x000000c26e700000) (1024K)]
  0x00000264180e9ab0 JavaThread "Cache worker for cache directory md-supplier (C:\Users\NOTEBOOK\.gradle\caches\8.13\md-supplier)"        [_thread_blocked, id=18152, stack(0x000000c26e700000,0x000000c26e800000) (1024K)]
  0x00000264180ed5c0 JavaThread "Cache worker for cache directory md-rule (C:\Users\NOTEBOOK\.gradle\caches\8.13\md-rule)"        [_thread_blocked, id=4744, stack(0x000000c26e800000,0x000000c26e900000) (1024K)]
  0x00000264180ee970 JavaThread "Unconstrained build operations"        [_thread_blocked, id=15740, stack(0x000000c26e900000,0x000000c26ea00000) (1024K)]
  0x0000026419eea3e0 JavaThread "Unconstrained build operations Thread 2"        [_thread_blocked, id=744, stack(0x000000c26ea00000,0x000000c26eb00000) (1024K)]
  0x0000026419ee89a0 JavaThread "Unconstrained build operations Thread 3"        [_thread_blocked, id=10384, stack(0x000000c26eb00000,0x000000c26ec00000) (1024K)]
  0x0000026419ee75f0 JavaThread "Unconstrained build operations Thread 4"        [_thread_blocked, id=18052, stack(0x000000c26ec00000,0x000000c26ed00000) (1024K)]
  0x0000026419ee9d50 JavaThread "Unconstrained build operations Thread 5"        [_thread_blocked, id=17728, stack(0x000000c26ed00000,0x000000c26ee00000) (1024K)]
  0x0000026419ee8310 JavaThread "Unconstrained build operations Thread 6"        [_thread_blocked, id=18196, stack(0x000000c26ee00000,0x000000c26ef00000) (1024K)]
  0x0000026419ee7c80 JavaThread "jar transforms Thread 4"           [_thread_blocked, id=12988, stack(0x000000c26ef00000,0x000000c26f000000) (1024K)]
  0x0000026419ee6f60 JavaThread "Unconstrained build operations Thread 7"        [_thread_blocked, id=14876, stack(0x000000c26f000000,0x000000c26f100000) (1024K)]
  0x0000026419ee9030 JavaThread "Unconstrained build operations Thread 8"        [_thread_blocked, id=18328, stack(0x000000c26f100000,0x000000c26f200000) (1024K)]
  0x0000026419ee96c0 JavaThread "Unconstrained build operations Thread 9"        [_thread_blocked, id=16256, stack(0x000000c26f200000,0x000000c26f300000) (1024K)]
  0x000002641839add0 JavaThread "Unconstrained build operations Thread 10"        [_thread_blocked, id=12340, stack(0x000000c26f300000,0x000000c26f400000) (1024K)]
  0x000002641839fc90 JavaThread "Unconstrained build operations Thread 11"        [_thread_blocked, id=11512, stack(0x000000c26f400000,0x000000c26f500000) (1024K)]
  0x000002641839b460 JavaThread "Unconstrained build operations Thread 12"        [_thread_blocked, id=10636, stack(0x000000c26f500000,0x000000c26f600000) (1024K)]
  0x000002641839baf0 JavaThread "Unconstrained build operations Thread 13"        [_thread_blocked, id=17508, stack(0x000000c26f600000,0x000000c26f700000) (1024K)]
  0x000002641839c180 JavaThread "Unconstrained build operations Thread 14"        [_thread_blocked, id=8788, stack(0x000000c26f700000,0x000000c26f800000) (1024K)]
  0x000002641839e250 JavaThread "Unconstrained build operations Thread 15"        [_thread_blocked, id=1312, stack(0x000000c26f800000,0x000000c26f900000) (1024K)]
  0x00000264183a09b0 JavaThread "Unconstrained build operations Thread 16"        [_thread_blocked, id=16312, stack(0x000000c26f900000,0x000000c26fa00000) (1024K)]
  0x000002641839a0b0 JavaThread "Unconstrained build operations Thread 17"        [_thread_blocked, id=11832, stack(0x000000c26fa00000,0x000000c26fb00000) (1024K)]
  0x00000264183a0320 JavaThread "Unconstrained build operations Thread 18"        [_thread_blocked, id=6948, stack(0x000000c26fb00000,0x000000c26fc00000) (1024K)]
  0x00000264182b8260 JavaThread "build event listener"              [_thread_blocked, id=12808, stack(0x000000c26b900000,0x000000c26ba00000) (1024K)]
  0x00000264182bd7b0 JavaThread "Memory manager"                    [_thread_blocked, id=3808, stack(0x000000c26ba00000,0x000000c26bb00000) (1024K)]
  0x00000264182b7bd0 JavaThread "build event listener"              [_thread_blocked, id=13236, stack(0x000000c26bb00000,0x000000c26bc00000) (1024K)]
Total: 57

Other Threads:
  0x0000026411307660 VMThread "VM Thread"                           [id=11704, stack(0x000000c26c300000,0x000000c26c400000) (1024K)]
  0x0000026411273dc0 WatcherThread "VM Periodic Task Thread"        [id=13692, stack(0x000000c26c200000,0x000000c26c300000) (1024K)]
  0x000002647a4a9980 WorkerThread "GC Thread#0"                     [id=14692, stack(0x000000c26bd00000,0x000000c26be00000) (1024K)]
  0x0000026416080840 WorkerThread "GC Thread#1"                     [id=10264, stack(0x000000c26ce00000,0x000000c26cf00000) (1024K)]
  0x00000264117fdf00 WorkerThread "GC Thread#2"                     [id=11284, stack(0x000000c26cf00000,0x000000c26d000000) (1024K)]
  0x000002641689fd80 WorkerThread "GC Thread#3"                     [id=2808, stack(0x000000c26d000000,0x000000c26d100000) (1024K)]
  0x000002647827c720 ConcurrentGCThread "G1 Main Marker"            [id=11312, stack(0x000000c26be00000,0x000000c26bf00000) (1024K)]
  0x000002647827cfd0 WorkerThread "G1 Conc#0"                       [id=18068, stack(0x000000c26bf00000,0x000000c26c000000) (1024K)]
  0x000002647a51e530 ConcurrentGCThread "G1 Refine#0"               [id=15620, stack(0x000000c26c000000,0x000000c26c100000) (1024K)]
  0x000002641113a500 ConcurrentGCThread "G1 Service"                [id=16592, stack(0x000000c26c100000,0x000000c26c200000) (1024K)]
Total: 10

Threads with active compile tasks:
C2 CompilerThread0  68608 10295 %     4       org.gradle.internal.instantiation.generator.AbstractClassGenerator::inspectType @ 249 (602 bytes)
Total: 1

VM state: not at safepoint (normal execution)

VM Mutex/Monitor currently owned by a thread: None

Heap address: 0x0000000080000000, size: 2048 MB, Compressed Oops mode: 32-bit

CDS archive(s) not mapped
Compressed class space mapped at: 0x0000000100000000-0x0000000140000000, reserved size: 1073741824
Narrow klass base: 0x0000000000000000, Narrow klass shift: 3, Narrow klass range: 0x140000000

GC Precious Log:
 CardTable entry size: 512
 Card Set container configuration: InlinePtr #cards 5 size 8 Array Of Cards #cards 12 size 40 Howl #buckets 4 coarsen threshold 1843 Howl Bitmap #cards 512 size 80 coarsen threshold 460 Card regions per heap region 1 cards per card region 2048
 CPUs: 4 total, 4 available
 Memory: 8072M
 Large Page Support: Disabled
 NUMA Support: Disabled
 Compressed Oops: Enabled (32-bit)
 Heap Region Size: 1M
 Heap Min Capacity: 8M
 Heap Initial Capacity: 128M
 Heap Max Capacity: 2G
 Pre-touch: Disabled
 Parallel Workers: 4
 Concurrent Workers: 1
 Concurrent Refinement Workers: 4
 Periodic GC: Disabled

Heap:
 garbage-first heap   total 150528K, used 110038K [0x0000000080000000, 0x0000000100000000)
  region size 1024K, 21 young (21504K), 4 survivors (4096K)
 Metaspace       used 93768K, committed 95808K, reserved 1179648K
  class space    used 12997K, committed 14016K, reserved 1048576K

Heap Regions: E=young(eden), S=young(survivor), O=old, HS=humongous(starts), HC=humongous(continues), CS=collection set, F=free, TAMS=top-at-mark-start, PB=parsable bottom
|   0|0x0000000080000000, 0x0000000080100000, 0x0000000080100000|100%|HS|  |TAMS 0x0000000080000000| PB 0x0000000080000000| Complete 
|   1|0x0000000080100000, 0x0000000080200000, 0x0000000080200000|100%|HC|  |TAMS 0x0000000080100000| PB 0x0000000080100000| Complete 
|   2|0x0000000080200000, 0x0000000080300000, 0x0000000080300000|100%|HC|  |TAMS 0x0000000080200000| PB 0x0000000080200000| Complete 
|   3|0x0000000080300000, 0x0000000080400000, 0x0000000080400000|100%| O|  |TAMS 0x0000000080300000| PB 0x0000000080300000| Untracked 
|   4|0x0000000080400000, 0x0000000080500000, 0x0000000080500000|100%| O|  |TAMS 0x0000000080400000| PB 0x0000000080400000| Untracked 
|   5|0x0000000080500000, 0x0000000080600000, 0x0000000080600000|100%| O|  |TAMS 0x0000000080500000| PB 0x0000000080500000| Untracked 
|   6|0x0000000080600000, 0x0000000080700000, 0x0000000080700000|100%| O|  |TAMS 0x0000000080600000| PB 0x0000000080600000| Untracked 
|   7|0x0000000080700000, 0x0000000080800000, 0x0000000080800000|100%|HS|  |TAMS 0x0000000080700000| PB 0x0000000080700000| Complete 
|   8|0x0000000080800000, 0x0000000080900000, 0x0000000080900000|100%| O|  |TAMS 0x0000000080800000| PB 0x0000000080800000| Untracked 
|   9|0x0000000080900000, 0x0000000080a00000, 0x0000000080a00000|100%| O|  |TAMS 0x0000000080900000| PB 0x0000000080900000| Untracked 
|  10|0x0000000080a00000, 0x0000000080b00000, 0x0000000080b00000|100%| O|  |TAMS 0x0000000080a00000| PB 0x0000000080a00000| Untracked 
|  11|0x0000000080b00000, 0x0000000080c00000, 0x0000000080c00000|100%| O|  |TAMS 0x0000000080b00000| PB 0x0000000080b00000| Untracked 
|  12|0x0000000080c00000, 0x0000000080d00000, 0x0000000080d00000|100%| O|  |TAMS 0x0000000080c00000| PB 0x0000000080c00000| Untracked 
|  13|0x0000000080d00000, 0x0000000080e00000, 0x0000000080e00000|100%| O|  |TAMS 0x0000000080d00000| PB 0x0000000080d00000| Untracked 
|  14|0x0000000080e00000, 0x0000000080f00000, 0x0000000080f00000|100%| O|  |TAMS 0x0000000080e00000| PB 0x0000000080e00000| Untracked 
|  15|0x0000000080f00000, 0x0000000081000000, 0x0000000081000000|100%| O|  |TAMS 0x0000000080f00000| PB 0x0000000080f00000| Untracked 
|  16|0x0000000081000000, 0x0000000081100000, 0x0000000081100000|100%| O|  |TAMS 0x0000000081000000| PB 0x0000000081000000| Untracked 
|  17|0x0000000081100000, 0x0000000081200000, 0x0000000081200000|100%| O|  |TAMS 0x0000000081100000| PB 0x0000000081100000| Untracked 
|  18|0x0000000081200000, 0x0000000081300000, 0x0000000081300000|100%| O|  |TAMS 0x0000000081200000| PB 0x0000000081200000| Untracked 
|  19|0x0000000081300000, 0x0000000081400000, 0x0000000081400000|100%| O|  |TAMS 0x0000000081300000| PB 0x0000000081300000| Untracked 
|  20|0x0000000081400000, 0x0000000081500000, 0x0000000081500000|100%| O|  |TAMS 0x0000000081400000| PB 0x0000000081400000| Untracked 
|  21|0x0000000081500000, 0x0000000081600000, 0x0000000081600000|100%| O|  |TAMS 0x0000000081500000| PB 0x0000000081500000| Untracked 
|  22|0x0000000081600000, 0x0000000081700000, 0x0000000081700000|100%| O|  |TAMS 0x0000000081600000| PB 0x0000000081600000| Untracked 
|  23|0x0000000081700000, 0x0000000081800000, 0x0000000081800000|100%| O|Cm|TAMS 0x0000000081700000| PB 0x0000000081700000| Complete 
|  24|0x0000000081800000, 0x0000000081900000, 0x0000000081900000|100%| O|  |TAMS 0x0000000081800000| PB 0x0000000081800000| Untracked 
|  25|0x0000000081900000, 0x0000000081a00000, 0x0000000081a00000|100%| O|  |TAMS 0x0000000081900000| PB 0x0000000081900000| Untracked 
|  26|0x0000000081a00000, 0x0000000081b00000, 0x0000000081b00000|100%| O|  |TAMS 0x0000000081a00000| PB 0x0000000081a00000| Untracked 
|  27|0x0000000081b00000, 0x0000000081c00000, 0x0000000081c00000|100%| O|  |TAMS 0x0000000081b00000| PB 0x0000000081b00000| Untracked 
|  28|0x0000000081c00000, 0x0000000081d00000, 0x0000000081d00000|100%| O|  |TAMS 0x0000000081c00000| PB 0x0000000081c00000| Untracked 
|  29|0x0000000081d00000, 0x0000000081e00000, 0x0000000081e00000|100%| O|  |TAMS 0x0000000081d00000| PB 0x0000000081d00000| Untracked 
|  30|0x0000000081e00000, 0x0000000081f00000, 0x0000000081f00000|100%| O|  |TAMS 0x0000000081e00000| PB 0x0000000081e00000| Untracked 
|  31|0x0000000081f00000, 0x0000000082000000, 0x0000000082000000|100%| O|  |TAMS 0x0000000081f00000| PB 0x0000000081f00000| Untracked 
|  32|0x0000000082000000, 0x0000000082100000, 0x0000000082100000|100%| O|  |TAMS 0x0000000082000000| PB 0x0000000082000000| Untracked 
|  33|0x0000000082100000, 0x0000000082200000, 0x0000000082200000|100%| O|  |TAMS 0x0000000082100000| PB 0x0000000082100000| Untracked 
|  34|0x0000000082200000, 0x0000000082300000, 0x0000000082300000|100%| O|  |TAMS 0x0000000082200000| PB 0x0000000082200000| Untracked 
|  35|0x0000000082300000, 0x0000000082400000, 0x0000000082400000|100%| O|  |TAMS 0x0000000082300000| PB 0x0000000082300000| Untracked 
|  36|0x0000000082400000, 0x0000000082500000, 0x0000000082500000|100%|HS|  |TAMS 0x0000000082400000| PB 0x0000000082400000| Complete 
|  37|0x0000000082500000, 0x0000000082600000, 0x0000000082600000|100%| O|  |TAMS 0x0000000082500000| PB 0x0000000082500000| Untracked 
|  38|0x0000000082600000, 0x0000000082700000, 0x0000000082700000|100%| O|  |TAMS 0x0000000082600000| PB 0x0000000082600000| Untracked 
|  39|0x0000000082700000, 0x0000000082800000, 0x0000000082800000|100%| O|  |TAMS 0x0000000082700000| PB 0x0000000082700000| Untracked 
|  40|0x0000000082800000, 0x0000000082900000, 0x0000000082900000|100%| O|  |TAMS 0x0000000082800000| PB 0x0000000082800000| Untracked 
|  41|0x0000000082900000, 0x0000000082a00000, 0x0000000082a00000|100%|HS|  |TAMS 0x0000000082900000| PB 0x0000000082900000| Complete 
|  42|0x0000000082a00000, 0x0000000082b00000, 0x0000000082b00000|100%|HC|  |TAMS 0x0000000082a00000| PB 0x0000000082a00000| Complete 
|  43|0x0000000082b00000, 0x0000000082c00000, 0x0000000082c00000|100%| O|  |TAMS 0x0000000082b00000| PB 0x0000000082b00000| Untracked 
|  44|0x0000000082c00000, 0x0000000082d00000, 0x0000000082d00000|100%| O|  |TAMS 0x0000000082c00000| PB 0x0000000082c00000| Untracked 
|  45|0x0000000082d00000, 0x0000000082e00000, 0x0000000082e00000|100%| O|  |TAMS 0x0000000082d00000| PB 0x0000000082d00000| Untracked 
|  46|0x0000000082e00000, 0x0000000082f00000, 0x0000000082f00000|100%|HS|  |TAMS 0x0000000082e00000| PB 0x0000000082e00000| Complete 
|  47|0x0000000082f00000, 0x0000000083000000, 0x0000000083000000|100%| O|  |TAMS 0x0000000082f00000| PB 0x0000000082f00000| Untracked 
|  48|0x0000000083000000, 0x0000000083100000, 0x0000000083100000|100%| O|  |TAMS 0x0000000083000000| PB 0x0000000083000000| Untracked 
|  49|0x0000000083100000, 0x0000000083200000, 0x0000000083200000|100%|HS|  |TAMS 0x0000000083100000| PB 0x0000000083100000| Complete 
|  50|0x0000000083200000, 0x0000000083300000, 0x0000000083300000|100%| O|  |TAMS 0x0000000083200000| PB 0x0000000083200000| Untracked 
|  51|0x0000000083300000, 0x0000000083400000, 0x0000000083400000|100%| O|  |TAMS 0x0000000083300000| PB 0x0000000083300000| Untracked 
|  52|0x0000000083400000, 0x0000000083500000, 0x0000000083500000|100%| O|  |TAMS 0x0000000083400000| PB 0x0000000083400000| Untracked 
|  53|0x0000000083500000, 0x0000000083600000, 0x0000000083600000|100%| O|  |TAMS 0x0000000083500000| PB 0x0000000083500000| Untracked 
|  54|0x0000000083600000, 0x0000000083700000, 0x0000000083700000|100%| O|  |TAMS 0x0000000083600000| PB 0x0000000083600000| Untracked 
|  55|0x0000000083700000, 0x0000000083800000, 0x0000000083800000|100%| O|  |TAMS 0x0000000083700000| PB 0x0000000083700000| Untracked 
|  56|0x0000000083800000, 0x0000000083900000, 0x0000000083900000|100%|HS|  |TAMS 0x0000000083800000| PB 0x0000000083800000| Complete 
|  57|0x0000000083900000, 0x0000000083a00000, 0x0000000083a00000|100%|HC|  |TAMS 0x0000000083900000| PB 0x0000000083900000| Complete 
|  58|0x0000000083a00000, 0x0000000083b00000, 0x0000000083b00000|100%|HS|  |TAMS 0x0000000083a00000| PB 0x0000000083a00000| Complete 
|  59|0x0000000083b00000, 0x0000000083c00000, 0x0000000083c00000|100%| O|  |TAMS 0x0000000083b00000| PB 0x0000000083b00000| Untracked 
|  60|0x0000000083c00000, 0x0000000083d00000, 0x0000000083d00000|100%|HS|  |TAMS 0x0000000083c00000| PB 0x0000000083c00000| Complete 
|  61|0x0000000083d00000, 0x0000000083e00000, 0x0000000083e00000|100%|HC|  |TAMS 0x0000000083d00000| PB 0x0000000083d00000| Complete 
|  62|0x0000000083e00000, 0x0000000083f00000, 0x0000000083f00000|100%| O|  |TAMS 0x0000000083e00000| PB 0x0000000083e00000| Untracked 
|  63|0x0000000083f00000, 0x0000000084000000, 0x0000000084000000|100%|HS|  |TAMS 0x0000000083f00000| PB 0x0000000083f00000| Complete 
|  64|0x0000000084000000, 0x0000000084100000, 0x0000000084100000|100%|HS|  |TAMS 0x0000000084000000| PB 0x0000000084000000| Complete 
|  65|0x0000000084100000, 0x0000000084200000, 0x0000000084200000|100%|HS|  |TAMS 0x0000000084100000| PB 0x0000000084100000| Complete 
|  66|0x0000000084200000, 0x0000000084300000, 0x0000000084300000|100%|HC|  |TAMS 0x0000000084200000| PB 0x0000000084200000| Complete 
|  67|0x0000000084300000, 0x0000000084400000, 0x0000000084400000|100%|HC|  |TAMS 0x0000000084300000| PB 0x0000000084300000| Complete 
|  68|0x0000000084400000, 0x0000000084500000, 0x0000000084500000|100%| O|  |TAMS 0x0000000084400000| PB 0x0000000084400000| Untracked 
|  69|0x0000000084500000, 0x0000000084600000, 0x0000000084600000|100%| O|  |TAMS 0x0000000084500000| PB 0x0000000084500000| Untracked 
|  70|0x0000000084600000, 0x0000000084700000, 0x0000000084700000|100%| O|  |TAMS 0x0000000084600000| PB 0x0000000084600000| Untracked 
|  71|0x0000000084700000, 0x0000000084800000, 0x0000000084800000|100%| O|  |TAMS 0x0000000084700000| PB 0x0000000084700000| Untracked 
|  72|0x0000000084800000, 0x0000000084900000, 0x0000000084900000|100%| O|  |TAMS 0x0000000084800000| PB 0x0000000084800000| Untracked 
|  73|0x0000000084900000, 0x0000000084a00000, 0x0000000084a00000|100%| O|  |TAMS 0x0000000084900000| PB 0x0000000084900000| Untracked 
|  74|0x0000000084a00000, 0x0000000084b00000, 0x0000000084b00000|100%|HS|  |TAMS 0x0000000084a00000| PB 0x0000000084a00000| Complete 
|  75|0x0000000084b00000, 0x0000000084c00000, 0x0000000084c00000|100%| O|  |TAMS 0x0000000084b00000| PB 0x0000000084b00000| Untracked 
|  76|0x0000000084c00000, 0x0000000084d00000, 0x0000000084d00000|100%| O|  |TAMS 0x0000000084c00000| PB 0x0000000084c00000| Untracked 
|  77|0x0000000084d00000, 0x0000000084e00000, 0x0000000084e00000|100%| O|  |TAMS 0x0000000084d00000| PB 0x0000000084d00000| Untracked 
|  78|0x0000000084e00000, 0x0000000084f00000, 0x0000000084f00000|100%| O|  |TAMS 0x0000000084e00000| PB 0x0000000084e00000| Untracked 
|  79|0x0000000084f00000, 0x0000000085000000, 0x0000000085000000|100%|HS|  |TAMS 0x0000000084f00000| PB 0x0000000084f00000| Complete 
|  80|0x0000000085000000, 0x0000000085100000, 0x0000000085100000|100%|HC|  |TAMS 0x0000000085000000| PB 0x0000000085000000| Complete 
|  81|0x0000000085100000, 0x0000000085200000, 0x0000000085200000|100%|HC|  |TAMS 0x0000000085100000| PB 0x0000000085100000| Complete 
|  82|0x0000000085200000, 0x0000000085236b60, 0x0000000085300000| 21%| O|  |TAMS 0x0000000085200000| PB 0x0000000085200000| Untracked 
|  83|0x0000000085300000, 0x0000000085300000, 0x0000000085400000|  0%| F|  |TAMS 0x0000000085300000| PB 0x0000000085300000| Untracked 
|  84|0x0000000085400000, 0x0000000085400000, 0x0000000085500000|  0%| F|  |TAMS 0x0000000085400000| PB 0x0000000085400000| Untracked 
|  85|0x0000000085500000, 0x0000000085500000, 0x0000000085600000|  0%| F|  |TAMS 0x0000000085500000| PB 0x0000000085500000| Untracked 
|  86|0x0000000085600000, 0x0000000085600000, 0x0000000085700000|  0%| F|  |TAMS 0x0000000085600000| PB 0x0000000085600000| Untracked 
|  87|0x0000000085700000, 0x0000000085700000, 0x0000000085800000|  0%| F|  |TAMS 0x0000000085700000| PB 0x0000000085700000| Untracked 
|  88|0x0000000085800000, 0x0000000085800000, 0x0000000085900000|  0%| F|  |TAMS 0x0000000085800000| PB 0x0000000085800000| Untracked 
|  89|0x0000000085900000, 0x0000000085900000, 0x0000000085a00000|  0%| F|  |TAMS 0x0000000085900000| PB 0x0000000085900000| Untracked 
|  90|0x0000000085a00000, 0x0000000085a00000, 0x0000000085b00000|  0%| F|  |TAMS 0x0000000085a00000| PB 0x0000000085a00000| Untracked 
|  91|0x0000000085b00000, 0x0000000085b00000, 0x0000000085c00000|  0%| F|  |TAMS 0x0000000085b00000| PB 0x0000000085b00000| Untracked 
|  92|0x0000000085c00000, 0x0000000085c00000, 0x0000000085d00000|  0%| F|  |TAMS 0x0000000085c00000| PB 0x0000000085c00000| Untracked 
|  93|0x0000000085d00000, 0x0000000085d00000, 0x0000000085e00000|  0%| F|  |TAMS 0x0000000085d00000| PB 0x0000000085d00000| Untracked 
|  94|0x0000000085e00000, 0x0000000085e00000, 0x0000000085f00000|  0%| F|  |TAMS 0x0000000085e00000| PB 0x0000000085e00000| Untracked 
|  95|0x0000000085f00000, 0x0000000085f00000, 0x0000000086000000|  0%| F|  |TAMS 0x0000000085f00000| PB 0x0000000085f00000| Untracked 
|  96|0x0000000086000000, 0x0000000086000000, 0x0000000086100000|  0%| F|  |TAMS 0x0000000086000000| PB 0x0000000086000000| Untracked 
|  97|0x0000000086100000, 0x0000000086100000, 0x0000000086200000|  0%| F|  |TAMS 0x0000000086100000| PB 0x0000000086100000| Untracked 
|  98|0x0000000086200000, 0x0000000086200000, 0x0000000086300000|  0%| F|  |TAMS 0x0000000086200000| PB 0x0000000086200000| Untracked 
|  99|0x0000000086300000, 0x0000000086300000, 0x0000000086400000|  0%| F|  |TAMS 0x0000000086300000| PB 0x0000000086300000| Untracked 
| 100|0x0000000086400000, 0x0000000086400000, 0x0000000086500000|  0%| F|  |TAMS 0x0000000086400000| PB 0x0000000086400000| Untracked 
| 101|0x0000000086500000, 0x0000000086500000, 0x0000000086600000|  0%| F|  |TAMS 0x0000000086500000| PB 0x0000000086500000| Untracked 
| 102|0x0000000086600000, 0x0000000086600000, 0x0000000086700000|  0%| F|  |TAMS 0x0000000086600000| PB 0x0000000086600000| Untracked 
| 103|0x0000000086700000, 0x0000000086700000, 0x0000000086800000|  0%| F|  |TAMS 0x0000000086700000| PB 0x0000000086700000| Untracked 
| 104|0x0000000086800000, 0x0000000086800000, 0x0000000086900000|  0%| F|  |TAMS 0x0000000086800000| PB 0x0000000086800000| Untracked 
| 105|0x0000000086900000, 0x0000000086900000, 0x0000000086a00000|  0%| F|  |TAMS 0x0000000086900000| PB 0x0000000086900000| Untracked 
| 106|0x0000000086a00000, 0x0000000086a3ed00, 0x0000000086b00000| 24%| S|CS|TAMS 0x0000000086a00000| PB 0x0000000086a00000| Complete 
| 107|0x0000000086b00000, 0x0000000086c00000, 0x0000000086c00000|100%| S|CS|TAMS 0x0000000086b00000| PB 0x0000000086b00000| Complete 
| 108|0x0000000086c00000, 0x0000000086d00000, 0x0000000086d00000|100%| S|CS|TAMS 0x0000000086c00000| PB 0x0000000086c00000| Complete 
| 109|0x0000000086d00000, 0x0000000086e00000, 0x0000000086e00000|100%| S|CS|TAMS 0x0000000086d00000| PB 0x0000000086d00000| Complete 
| 110|0x0000000086e00000, 0x0000000086e00000, 0x0000000086f00000|  0%| F|  |TAMS 0x0000000086e00000| PB 0x0000000086e00000| Untracked 
| 111|0x0000000086f00000, 0x0000000086f00000, 0x0000000087000000|  0%| F|  |TAMS 0x0000000086f00000| PB 0x0000000086f00000| Untracked 
| 112|0x0000000087000000, 0x0000000087000000, 0x0000000087100000|  0%| F|  |TAMS 0x0000000087000000| PB 0x0000000087000000| Untracked 
| 113|0x0000000087100000, 0x0000000087100000, 0x0000000087200000|  0%| F|  |TAMS 0x0000000087100000| PB 0x0000000087100000| Untracked 
| 114|0x0000000087200000, 0x0000000087200000, 0x0000000087300000|  0%| F|  |TAMS 0x0000000087200000| PB 0x0000000087200000| Untracked 
| 115|0x0000000087300000, 0x0000000087300000, 0x0000000087400000|  0%| F|  |TAMS 0x0000000087300000| PB 0x0000000087300000| Untracked 
| 116|0x0000000087400000, 0x0000000087400000, 0x0000000087500000|  0%| F|  |TAMS 0x0000000087400000| PB 0x0000000087400000| Untracked 
| 117|0x0000000087500000, 0x0000000087500000, 0x0000000087600000|  0%| F|  |TAMS 0x0000000087500000| PB 0x0000000087500000| Untracked 
| 118|0x0000000087600000, 0x0000000087600000, 0x0000000087700000|  0%| F|  |TAMS 0x0000000087600000| PB 0x0000000087600000| Untracked 
| 119|0x0000000087700000, 0x0000000087700000, 0x0000000087800000|  0%| F|  |TAMS 0x0000000087700000| PB 0x0000000087700000| Untracked 
| 120|0x0000000087800000, 0x0000000087800000, 0x0000000087900000|  0%| F|  |TAMS 0x0000000087800000| PB 0x0000000087800000| Untracked 
| 121|0x0000000087900000, 0x0000000087900000, 0x0000000087a00000|  0%| F|  |TAMS 0x0000000087900000| PB 0x0000000087900000| Untracked 
| 122|0x0000000087a00000, 0x0000000087a00000, 0x0000000087b00000|  0%| F|  |TAMS 0x0000000087a00000| PB 0x0000000087a00000| Untracked 
| 123|0x0000000087b00000, 0x0000000087b00000, 0x0000000087c00000|  0%| F|  |TAMS 0x0000000087b00000| PB 0x0000000087b00000| Untracked 
| 124|0x0000000087c00000, 0x0000000087d00000, 0x0000000087d00000|100%| E|  |TAMS 0x0000000087c00000| PB 0x0000000087c00000| Complete 
| 125|0x0000000087d00000, 0x0000000087e00000, 0x0000000087e00000|100%| E|CS|TAMS 0x0000000087d00000| PB 0x0000000087d00000| Complete 
| 126|0x0000000087e00000, 0x0000000087f00000, 0x0000000087f00000|100%| E|CS|TAMS 0x0000000087e00000| PB 0x0000000087e00000| Complete 
| 127|0x0000000087f00000, 0x0000000088000000, 0x0000000088000000|100%| E|CS|TAMS 0x0000000087f00000| PB 0x0000000087f00000| Complete 
| 128|0x0000000088000000, 0x0000000088100000, 0x0000000088100000|100%| E|CS|TAMS 0x0000000088000000| PB 0x0000000088000000| Complete 
| 129|0x0000000088100000, 0x0000000088200000, 0x0000000088200000|100%| E|CS|TAMS 0x0000000088100000| PB 0x0000000088100000| Complete 
| 130|0x0000000088200000, 0x0000000088300000, 0x0000000088300000|100%| E|CS|TAMS 0x0000000088200000| PB 0x0000000088200000| Complete 
| 131|0x0000000088300000, 0x0000000088400000, 0x0000000088400000|100%| E|CS|TAMS 0x0000000088300000| PB 0x0000000088300000| Complete 
| 132|0x0000000088400000, 0x0000000088500000, 0x0000000088500000|100%| E|CS|TAMS 0x0000000088400000| PB 0x0000000088400000| Complete 
| 133|0x0000000088500000, 0x0000000088600000, 0x0000000088600000|100%| E|CS|TAMS 0x0000000088500000| PB 0x0000000088500000| Complete 
| 134|0x0000000088600000, 0x0000000088700000, 0x0000000088700000|100%| E|CS|TAMS 0x0000000088600000| PB 0x0000000088600000| Complete 
| 135|0x0000000088700000, 0x0000000088800000, 0x0000000088800000|100%| E|CS|TAMS 0x0000000088700000| PB 0x0000000088700000| Complete 
| 136|0x0000000088800000, 0x0000000088900000, 0x0000000088900000|100%| E|CS|TAMS 0x0000000088800000| PB 0x0000000088800000| Complete 
| 137|0x0000000088900000, 0x0000000088a00000, 0x0000000088a00000|100%| E|CS|TAMS 0x0000000088900000| PB 0x0000000088900000| Complete 
| 138|0x0000000088a00000, 0x0000000088b00000, 0x0000000088b00000|100%| E|CS|TAMS 0x0000000088a00000| PB 0x0000000088a00000| Complete 
|2040|0x00000000ff800000, 0x00000000ff900000, 0x00000000ff900000|100%| E|CS|TAMS 0x00000000ff800000| PB 0x00000000ff800000| Complete 
|2041|0x00000000ff900000, 0x00000000ffa00000, 0x00000000ffa00000|100%| O|  |TAMS 0x00000000ff900000| PB 0x00000000ff900000| Untracked 
|2042|0x00000000ffa00000, 0x00000000ffb00000, 0x00000000ffb00000|100%| O|  |TAMS 0x00000000ffa00000| PB 0x00000000ffa00000| Untracked 
|2043|0x00000000ffb00000, 0x00000000ffc00000, 0x00000000ffc00000|100%| O|  |TAMS 0x00000000ffb00000| PB 0x00000000ffb00000| Untracked 
|2044|0x00000000ffc00000, 0x00000000ffd00000, 0x00000000ffd00000|100%| O|Cm|TAMS 0x00000000ffc00000| PB 0x00000000ffc00000| Complete 
|2045|0x00000000ffd00000, 0x00000000ffe00000, 0x00000000ffe00000|100%| E|CS|TAMS 0x00000000ffd00000| PB 0x00000000ffd00000| Complete 
|2046|0x00000000ffe00000, 0x00000000fff00000, 0x00000000fff00000|100%| O|  |TAMS 0x00000000ffe00000| PB 0x00000000ffe00000| Untracked 
|2047|0x00000000fff00000, 0x0000000100000000, 0x0000000100000000|100%| O|  |TAMS 0x00000000fff00000| PB 0x00000000fff00000| Untracked 

Card table byte_map: [0x000002647d9b0000,0x000002647ddb0000] _byte_map_base: 0x000002647d5b0000

Marking Bits: (CMBitMap*) 0x000002647a4a9e30
 Bits: [0x000002647ddb0000, 0x000002647fdb0000)

Polling page: 0x0000026478160000

Metaspace:

Usage:
  Non-class:     78.90 MB used.
      Class:     12.69 MB used.
       Both:     91.59 MB used.

Virtual space:
  Non-class space:      128.00 MB reserved,      79.94 MB ( 62%) committed,  2 nodes.
      Class space:        1.00 GB reserved,      13.69 MB (  1%) committed,  1 nodes.
             Both:        1.12 GB reserved,      93.62 MB (  8%) committed. 

Chunk freelists:
   Non-Class:  15.80 MB
       Class:  2.23 MB
        Both:  18.03 MB

MaxMetaspaceSize: unlimited
CompressedClassSpaceSize: 1.00 GB
Initial GC threshold: 21.00 MB
Current GC threshold: 149.50 MB
CDS: off
 - commit_granule_bytes: 65536.
 - commit_granule_words: 8192.
 - virtual_space_node_default_size: 8388608.
 - enlarge_chunks_in_place: 1.
 - use_allocation_guard: 0.


Internal statistics:

num_allocs_failed_limit: 6.
num_arena_births: 3786.
num_arena_deaths: 0.
num_vsnodes_births: 3.
num_vsnodes_deaths: 0.
num_space_committed: 1498.
num_space_uncommitted: 0.
num_chunks_returned_to_freelist: 6.
num_chunks_taken_from_freelist: 7669.
num_chunk_merges: 3.
num_chunk_splits: 5012.
num_chunks_enlarged: 3123.
num_inconsistent_stats: 0.

CodeHeap 'non-profiled nmethods': size=120000Kb used=4842Kb max_used=4842Kb free=115157Kb
 bounds [0x0000026407ad0000, 0x0000026407f90000, 0x000002640f000000]
CodeHeap 'profiled nmethods': size=120000Kb used=15869Kb max_used=15869Kb free=104130Kb
 bounds [0x0000026400000000, 0x0000026400f80000, 0x0000026407530000]
CodeHeap 'non-nmethods': size=5760Kb used=2821Kb max_used=2880Kb free=2938Kb
 bounds [0x0000026407530000, 0x0000026407810000, 0x0000026407ad0000]
CodeCache: size=245760Kb, used=23532Kb, max_used=23591Kb, free=222225Kb
 total_blobs=9632, nmethods=8682, adapters=854, full_count=0
Compilation: enabled, stopped_count=0, restarted_count=0

Compilation events (20 events):
Event: 68.352 Thread 0x00000264114b45e0 nmethod 10286 0x0000026407f86290 code [0x0000026407f86680, 0x0000026407f88fc0]
Event: 68.371 Thread 0x00000264114b45e0 10293       4       java.util.TreeMap$PrivateEntryIterator::nextEntry (54 bytes)
Event: 68.376 Thread 0x00000264114b45e0 nmethod 10293 0x0000026407f89f10 code [0x0000026407f8a0a0, 0x0000026407f8a408]
Event: 68.376 Thread 0x00000264114b45e0 10294       4       java.util.TreeMap::successor (66 bytes)
Event: 68.379 Thread 0x00000264114b45e0 nmethod 10294 0x0000026407f8a590 code [0x0000026407f8a720, 0x0000026407f8a830]
Event: 68.379 Thread 0x00000264114b45e0 10295 %     4       org.gradle.internal.instantiation.generator.AbstractClassGenerator::inspectType @ 249 (602 bytes)
Event: 68.382 Thread 0x00000264114d33a0 10296       3       org.gradle.internal.instantiation.generator.AsmBackedClassGenerator$ClassBuilderImpl$$Lambda/0x00000001002f21c0::emit (33 bytes)
Event: 68.382 Thread 0x00000264114d33a0 nmethod 10296 0x0000026400f7a310 code [0x0000026400f7a4c0, 0x0000026400f7a628]
Event: 68.382 Thread 0x00000264114d33a0 10297       3       org.gradle.internal.instantiation.generator.AsmBackedClassGenerator$ClassBuilderImpl$40::<init> (238 bytes)
Event: 68.383 Thread 0x00000264114d33a0 nmethod 10297 0x0000026400f7a710 code [0x0000026400f7aaa0, 0x0000026400f7c318]
Event: 68.383 Thread 0x00000264114d33a0 10298       3       org.gradle.internal.instantiation.generator.AsmBackedClassGenerator$ClassBuilderImpl::access$3100 (4 bytes)
Event: 68.384 Thread 0x00000264114d33a0 nmethod 10298 0x0000026400f7cc10 code [0x0000026400f7cda0, 0x0000026400f7ce98]
Event: 68.384 Thread 0x00000264114d33a0 10299       3       org.gradle.internal.instantiation.generator.AsmBackedClassGenerator$ClassBuilderImpl::access$3200 (4 bytes)
Event: 68.384 Thread 0x00000264114d33a0 nmethod 10299 0x0000026400f7cf10 code [0x0000026400f7d0a0, 0x0000026400f7d198]
Event: 68.384 Thread 0x00000264114d33a0 10300       3       org.gradle.internal.instantiation.generator.AsmBackedClassGenerator$ClassBuilderImpl::access$3300 (4 bytes)
Event: 68.384 Thread 0x00000264114d33a0 nmethod 10300 0x0000026400f7d210 code [0x0000026400f7d3a0, 0x0000026400f7d498]
Event: 68.385 Thread 0x00000264114d33a0 10301       3       org.gradle.internal.instantiation.generator.AsmBackedClassGenerator$ClassBuilderImpl$$Lambda/0x00000001002f21c0::<init> (44 bytes)
Event: 68.385 Thread 0x00000264114d33a0 nmethod 10301 0x0000026400f7d510 code [0x0000026400f7d6c0, 0x0000026400f7da60]
Event: 68.466 Thread 0x00000264114d33a0 10302       3       org.gradle.api.internal.collections.AbstractIterationOrderRetainingElementSource$RealizedElementCollectionIterator::next (46 bytes)
Event: 68.466 Thread 0x00000264114d33a0 nmethod 10302 0x0000026400f7db90 code [0x0000026400f7dd80, 0x0000026400f7e150]

GC Heap History (20 events):
Event: 56.187 GC heap before
{Heap before GC invocations=33 (full 0):
 garbage-first heap   total 97280K, used 94311K [0x0000000080000000, 0x0000000100000000)
  region size 1024K, 31 young (31744K), 4 survivors (4096K)
 Metaspace       used 73396K, committed 75264K, reserved 1114112K
  class space    used 10296K, committed 11200K, reserved 1048576K
}
Event: 56.200 GC heap after
{Heap after GC invocations=34 (full 0):
 garbage-first heap   total 104448K, used 72027K [0x0000000080000000, 0x0000000100000000)
  region size 1024K, 4 young (4096K), 4 survivors (4096K)
 Metaspace       used 73396K, committed 75264K, reserved 1114112K
  class space    used 10296K, committed 11200K, reserved 1048576K
}
Event: 62.900 GC heap before
{Heap before GC invocations=34 (full 0):
 garbage-first heap   total 104448K, used 96603K [0x0000000080000000, 0x0000000100000000)
  region size 1024K, 25 young (25600K), 4 survivors (4096K)
 Metaspace       used 74559K, committed 76416K, reserved 1179648K
  class space    used 10430K, committed 11328K, reserved 1048576K
}
Event: 62.908 GC heap after
{Heap after GC invocations=35 (full 0):
 garbage-first heap   total 108544K, used 79263K [0x0000000080000000, 0x0000000100000000)
  region size 1024K, 4 young (4096K), 4 survivors (4096K)
 Metaspace       used 74559K, committed 76416K, reserved 1179648K
  class space    used 10430K, committed 11328K, reserved 1048576K
}
Event: 63.230 GC heap before
{Heap before GC invocations=35 (full 0):
 garbage-first heap   total 108544K, used 97695K [0x0000000080000000, 0x0000000100000000)
  region size 1024K, 22 young (22528K), 4 survivors (4096K)
 Metaspace       used 76178K, committed 78016K, reserved 1179648K
  class space    used 10645K, committed 11520K, reserved 1048576K
}
Event: 63.233 GC heap after
{Heap after GC invocations=36 (full 0):
 garbage-first heap   total 108544K, used 79835K [0x0000000080000000, 0x0000000100000000)
  region size 1024K, 1 young (1024K), 1 survivors (1024K)
 Metaspace       used 76178K, committed 78016K, reserved 1179648K
  class space    used 10645K, committed 11520K, reserved 1048576K
}
Event: 63.644 GC heap before
{Heap before GC invocations=37 (full 0):
 garbage-first heap   total 135168K, used 97243K [0x0000000080000000, 0x0000000100000000)
  region size 1024K, 19 young (19456K), 1 survivors (1024K)
 Metaspace       used 78002K, committed 79872K, reserved 1179648K
  class space    used 10844K, committed 11776K, reserved 1048576K
}
Event: 63.647 GC heap after
{Heap after GC invocations=38 (full 0):
 garbage-first heap   total 135168K, used 80348K [0x0000000080000000, 0x0000000100000000)
  region size 1024K, 2 young (2048K), 2 survivors (2048K)
 Metaspace       used 78002K, committed 79872K, reserved 1179648K
  class space    used 10844K, committed 11776K, reserved 1048576K
}
Event: 65.034 GC heap before
{Heap before GC invocations=38 (full 0):
 garbage-first heap   total 135168K, used 120284K [0x0000000080000000, 0x0000000100000000)
  region size 1024K, 42 young (43008K), 2 survivors (2048K)
 Metaspace       used 83148K, committed 85056K, reserved 1179648K
  class space    used 11570K, committed 12544K, reserved 1048576K
}
Event: 65.042 GC heap after
{Heap after GC invocations=39 (full 0):
 garbage-first heap   total 135168K, used 82283K [0x0000000080000000, 0x0000000100000000)
  region size 1024K, 4 young (4096K), 4 survivors (4096K)
 Metaspace       used 83148K, committed 85056K, reserved 1179648K
  class space    used 11570K, committed 12544K, reserved 1048576K
}
Event: 65.081 GC heap before
{Heap before GC invocations=39 (full 0):
 garbage-first heap   total 135168K, used 82283K [0x0000000080000000, 0x0000000100000000)
  region size 1024K, 6 young (6144K), 4 survivors (4096K)
 Metaspace       used 83162K, committed 85120K, reserved 1179648K
  class space    used 11573K, committed 12544K, reserved 1048576K
}
Event: 65.086 GC heap after
{Heap after GC invocations=40 (full 0):
 garbage-first heap   total 135168K, used 82422K [0x0000000080000000, 0x0000000100000000)
  region size 1024K, 3 young (3072K), 3 survivors (3072K)
 Metaspace       used 83162K, committed 85120K, reserved 1179648K
  class space    used 11573K, committed 12544K, reserved 1048576K
}
Event: 65.604 GC heap before
{Heap before GC invocations=41 (full 0):
 garbage-first heap   total 145408K, used 112118K [0x0000000080000000, 0x0000000100000000)
  region size 1024K, 27 young (27648K), 3 survivors (3072K)
 Metaspace       used 84110K, committed 86080K, reserved 1179648K
  class space    used 11728K, committed 12672K, reserved 1048576K
}
Event: 65.611 GC heap after
{Heap after GC invocations=42 (full 0):
 garbage-first heap   total 145408K, used 86431K [0x0000000080000000, 0x0000000100000000)
  region size 1024K, 4 young (4096K), 4 survivors (4096K)
 Metaspace       used 84110K, committed 86080K, reserved 1179648K
  class space    used 11728K, committed 12672K, reserved 1048576K
}
Event: 66.226 GC heap before
{Heap before GC invocations=42 (full 0):
 garbage-first heap   total 145408K, used 115103K [0x0000000080000000, 0x0000000100000000)
  region size 1024K, 32 young (32768K), 4 survivors (4096K)
 Metaspace       used 86358K, committed 88384K, reserved 1179648K
  class space    used 12008K, committed 12992K, reserved 1048576K
}
Event: 66.235 GC heap after
{Heap after GC invocations=43 (full 0):
 garbage-first heap   total 145408K, used 87564K [0x0000000080000000, 0x0000000100000000)
  region size 1024K, 2 young (2048K), 2 survivors (2048K)
 Metaspace       used 86358K, committed 88384K, reserved 1179648K
  class space    used 12008K, committed 12992K, reserved 1048576K
}
Event: 67.122 GC heap before
{Heap before GC invocations=43 (full 0):
 garbage-first heap   total 145408K, used 118284K [0x0000000080000000, 0x0000000100000000)
  region size 1024K, 32 young (32768K), 2 survivors (2048K)
 Metaspace       used 89015K, committed 91008K, reserved 1179648K
  class space    used 12366K, committed 13376K, reserved 1048576K
}
Event: 67.127 GC heap after
{Heap after GC invocations=44 (full 0):
 garbage-first heap   total 145408K, used 88788K [0x0000000080000000, 0x0000000100000000)
  region size 1024K, 4 young (4096K), 4 survivors (4096K)
 Metaspace       used 89015K, committed 91008K, reserved 1179648K
  class space    used 12366K, committed 13376K, reserved 1048576K
}
Event: 68.142 GC heap before
{Heap before GC invocations=45 (full 0):
 garbage-first heap   total 150528K, used 123604K [0x0000000080000000, 0x0000000100000000)
  region size 1024K, 35 young (35840K), 4 survivors (4096K)
 Metaspace       used 92528K, committed 94528K, reserved 1179648K
  class space    used 12833K, committed 13824K, reserved 1048576K
}
Event: 68.150 GC heap after
{Heap after GC invocations=46 (full 0):
 garbage-first heap   total 150528K, used 93654K [0x0000000080000000, 0x0000000100000000)
  region size 1024K, 4 young (4096K), 4 survivors (4096K)
 Metaspace       used 92528K, committed 94528K, reserved 1179648K
  class space    used 12833K, committed 13824K, reserved 1048576K
}

Dll operation events (3 events):
Event: 0.187 Loaded shared library D:\Android Studio\jbr\bin\java.dll
Event: 0.246 Loaded shared library D:\Android Studio\jbr\bin\zip.dll
Event: 15.765 Loaded shared library D:\Android Studio\jbr\bin\verify.dll

Deoptimization events (20 events):
Event: 68.022 Thread 0x0000026416c4b4b0 Uncommon trap: trap_request=0xffffffde fr.pc=0x0000026407f78e64 relative=0x00000000000004e4
Event: 68.022 Thread 0x0000026416c4b4b0 Uncommon trap: reason=class_check action=maybe_recompile pc=0x0000026407f78e64 method=kotlin.reflect.jvm.internal.impl.protobuf.CodedInputStream.tryRefillBuffer(I)Z @ 175 c2
Event: 68.022 Thread 0x0000026416c4b4b0 DEOPT PACKING pc=0x0000026407f78e64 sp=0x000000c26d7f6690
Event: 68.022 Thread 0x0000026416c4b4b0 DEOPT UNPACKING pc=0x00000264075846a2 sp=0x000000c26d7f6578 mode 2
Event: 68.022 Thread 0x0000026416c4b4b0 Uncommon trap: trap_request=0xffffffde fr.pc=0x0000026407f78e64 relative=0x00000000000004e4
Event: 68.022 Thread 0x0000026416c4b4b0 Uncommon trap: reason=class_check action=maybe_recompile pc=0x0000026407f78e64 method=kotlin.reflect.jvm.internal.impl.protobuf.CodedInputStream.tryRefillBuffer(I)Z @ 175 c2
Event: 68.022 Thread 0x0000026416c4b4b0 DEOPT PACKING pc=0x0000026407f78e64 sp=0x000000c26d7f6690
Event: 68.022 Thread 0x0000026416c4b4b0 DEOPT UNPACKING pc=0x00000264075846a2 sp=0x000000c26d7f6578 mode 2
Event: 68.022 Thread 0x0000026416c4b4b0 Uncommon trap: trap_request=0xffffffde fr.pc=0x0000026407f78e64 relative=0x00000000000004e4
Event: 68.022 Thread 0x0000026416c4b4b0 Uncommon trap: reason=class_check action=maybe_recompile pc=0x0000026407f78e64 method=kotlin.reflect.jvm.internal.impl.protobuf.CodedInputStream.tryRefillBuffer(I)Z @ 175 c2
Event: 68.022 Thread 0x0000026416c4b4b0 DEOPT PACKING pc=0x0000026407f78e64 sp=0x000000c26d7f6780
Event: 68.022 Thread 0x0000026416c4b4b0 DEOPT UNPACKING pc=0x00000264075846a2 sp=0x000000c26d7f6668 mode 2
Event: 68.022 Thread 0x0000026416c4b4b0 Uncommon trap: trap_request=0xffffffde fr.pc=0x0000026407f78e64 relative=0x00000000000004e4
Event: 68.022 Thread 0x0000026416c4b4b0 Uncommon trap: reason=class_check action=maybe_recompile pc=0x0000026407f78e64 method=kotlin.reflect.jvm.internal.impl.protobuf.CodedInputStream.tryRefillBuffer(I)Z @ 175 c2
Event: 68.022 Thread 0x0000026416c4b4b0 DEOPT PACKING pc=0x0000026407f78e64 sp=0x000000c26d7f6780
Event: 68.022 Thread 0x0000026416c4b4b0 DEOPT UNPACKING pc=0x00000264075846a2 sp=0x000000c26d7f6668 mode 2
Event: 68.458 Thread 0x0000026416c4b4b0 Uncommon trap: trap_request=0xffffff45 fr.pc=0x0000026407dd5c58 relative=0x0000000000000bd8
Event: 68.458 Thread 0x0000026416c4b4b0 Uncommon trap: reason=unstable_if action=reinterpret pc=0x0000026407dd5c58 method=java.util.regex.Pattern.escape(ZZZ)I @ 8 c2
Event: 68.458 Thread 0x0000026416c4b4b0 DEOPT PACKING pc=0x0000026407dd5c58 sp=0x000000c26d7f67b0
Event: 68.458 Thread 0x0000026416c4b4b0 DEOPT UNPACKING pc=0x00000264075846a2 sp=0x000000c26d7f6748 mode 2

Classes loaded (20 events):
Event: 67.538 Loading class javax/management/NotificationFilter
Event: 67.538 Loading class javax/management/NotificationFilter done
Event: 67.538 Loading class javax/management/ListenerNotFoundException
Event: 67.538 Loading class javax/management/OperationsException
Event: 67.538 Loading class javax/management/JMException
Event: 67.538 Loading class javax/management/JMException done
Event: 67.538 Loading class javax/management/OperationsException done
Event: 67.538 Loading class javax/management/ListenerNotFoundException done
Event: 67.538 Loading class jdk/jfr/Recording
Event: 67.539 Loading class jdk/jfr/Recording done
Event: 67.539 Loading class jdk/jfr/FlightRecorder
Event: 67.539 Loading class jdk/jfr/FlightRecorder done
Event: 67.539 Loading class jdk/management/jfr/FlightRecorderMXBeanImpl$MXBeanListener
Event: 67.539 Loading class jdk/jfr/FlightRecorderListener
Event: 67.539 Loading class jdk/jfr/FlightRecorderListener done
Event: 67.539 Loading class jdk/management/jfr/FlightRecorderMXBeanImpl$MXBeanListener done
Event: 67.585 Loading class com/sun/jmx/mbeanserver/StandardMBeanSupport
Event: 67.586 Loading class com/sun/jmx/mbeanserver/StandardMBeanSupport done
Event: 67.586 Loading class com/sun/jmx/mbeanserver/StandardMBeanIntrospector
Event: 67.586 Loading class com/sun/jmx/mbeanserver/StandardMBeanIntrospector done

Classes unloaded (0 events):
No events

Classes redefined (0 events):
No events

Internal exceptions (20 events):
Event: 63.396 Thread 0x0000026416c4b4b0 Exception <a 'java/lang/NoSuchMethodError'{0x0000000085c83ae0}: 'int java.lang.invoke.DirectMethodHandle$Holder.invokeSpecialIFC(java.lang.Object, java.lang.Object, java.lang.Object, java.lang.Object, java.lang.Object)'> (0x0000000085c83ae0) 
thrown [s\src\hotspot\share\interpreter\linkResolver.cpp, line 784]
Event: 64.215 Thread 0x0000026416c4b4b0 Exception <a 'java/lang/NoSuchMethodError'{0x0000000086146040}: 'java.lang.Object java.lang.invoke.DirectMethodHandle$Holder.newInvokeSpecial(java.lang.Object, java.lang.Object, java.lang.Object, java.lang.Object, java.lang.Object, java.lang.Object, java.lang.Object, java.lang.Object, java.lang.Object, java.lang.Object, java.lang.Object, java.lang.Object, java.lang.Object, java.lang.Object, java.lang.Object, java.lang.Object)'> (0x0000000086146040) 
thrown [s\src\hotspot\share\interpreter\linkResolver.cpp,
Event: 64.216 Thread 0x0000026416c4b4b0 Exception <a 'java/lang/NoSuchMethodError'{0x000000008614cef8}: 'java.lang.Object java.lang.invoke.DirectMethodHandle$Holder.invokeSpecial(java.lang.Object, java.lang.Object, java.lang.Object, java.lang.Object, java.lang.Object, java.lang.Object, java.lang.Object, java.lang.Object, java.lang.Object, java.lang.Object, java.lang.Object, java.lang.Object, java.lang.Object, java.lang.Object, java.lang.Object, java.lang.Object, java.lang.Object)'> (0x000000008614cef8) 
thrown [s\src\hotspot\share\interpreter\li
Event: 64.216 Thread 0x0000026416c4b4b0 Exception <a 'java/lang/NoSuchMethodError'{0x0000000086152ad8}: 'java.lang.Object java.lang.invoke.DelegatingMethodHandle$Holder.reinvoke_L(java.lang.Object, java.lang.Object, java.lang.Object, java.lang.Object, java.lang.Object, java.lang.Object, java.lang.Object, java.lang.Object, java.lang.Object, java.lang.Object, java.lang.Object, java.lang.Object, java.lang.Object, java.lang.Object, java.lang.Object, java.lang.Object)'> (0x0000000086152ad8) 
thrown [s\src\hotspot\share\interpreter\linkResolver.cpp, l
Event: 66.564 Thread 0x0000026416c4b4b0 Implicit null exception at 0x0000026407ecf9f5 to 0x0000026407ecfae8
Event: 67.062 Thread 0x0000026416c4b4b0 Exception <a 'java/lang/NoSuchMethodError'{0x0000000086c981f0}: static Lorg/jetbrains/kotlin/gradle/plugin/internal/DefaultConfigurationTimePropertiesAccessorVariantFactory;.<clinit>()V> (0x0000000086c981f0) 
thrown [s\src\hotspot\share\prims\jni.cpp, line 1144]
Event: 67.064 Thread 0x0000026416c4b4b0 Exception <a 'java/lang/NoSuchMethodError'{0x0000000086cb4dd8}: static Lorg/jetbrains/kotlin/gradle/plugin/internal/DefaultProjectIsolationStartParameterAccessor$Factory;.<clinit>()V> (0x0000000086cb4dd8) 
thrown [s\src\hotspot\share\prims\jni.cpp, line 1144]
Event: 67.066 Thread 0x0000026416c4b4b0 Exception <a 'java/lang/NoSuchMethodError'{0x0000000086cd26b8}: static Lorg/jetbrains/kotlin/gradle/plugin/internal/DefaultSourceSetCompatibilityHelperVariantFactory;.<clinit>()V> (0x0000000086cd26b8) 
thrown [s\src\hotspot\share\prims\jni.cpp, line 1144]
Event: 67.069 Thread 0x0000026416c4b4b0 Exception <a 'java/lang/NoSuchMethodError'{0x0000000086cfa7e0}: static Lorg/jetbrains/kotlin/gradle/plugin/internal/DefaultArtifactTypeAttributeAccessorVariantFactory;.<clinit>()V> (0x0000000086cfa7e0) 
thrown [s\src\hotspot\share\prims\jni.cpp, line 1144]
Event: 67.071 Thread 0x0000026416c4b4b0 Exception <a 'java/lang/NoSuchMethodError'{0x0000000086b22b08}: static Lorg/jetbrains/kotlin/gradle/plugin/internal/DefaultCompatibilityConventionRegistrar$Factory;.<clinit>()V> (0x0000000086b22b08) 
thrown [s\src\hotspot\share\prims\jni.cpp, line 1144]
Event: 67.073 Thread 0x0000026416c4b4b0 Exception <a 'java/lang/NoSuchMethodError'{0x0000000086b40160}: static Lorg/jetbrains/kotlin/gradle/plugin/internal/DefaultJavaSourceSetsAccessorVariantFactory;.<clinit>()V> (0x0000000086b40160) 
thrown [s\src\hotspot\share\prims\jni.cpp, line 1144]
Event: 67.076 Thread 0x0000026416c4b4b0 Exception <a 'java/lang/NoSuchMethodError'{0x0000000086b5cea8}: static Lorg/jetbrains/kotlin/gradle/plugin/internal/DefaultIdeaSyncDetectorVariantFactory;.<clinit>()V> (0x0000000086b5cea8) 
thrown [s\src\hotspot\share\prims\jni.cpp, line 1144]
Event: 67.078 Thread 0x0000026416c4b4b0 Exception <a 'java/lang/NoSuchMethodError'{0x0000000086b7b5c0}: static Lorg/jetbrains/kotlin/gradle/plugin/internal/DefaultKotlinTestReportCompatibilityHelperVariantFactory;.<clinit>()V> (0x0000000086b7b5c0) 
thrown [s\src\hotspot\share\prims\jni.cpp, line 1144]
Event: 67.080 Thread 0x0000026416c4b4b0 Exception <a 'java/lang/NoSuchMethodError'{0x0000000086b99558}: static Lorg/jetbrains/kotlin/gradle/plugin/internal/DefaultMppTestReportHelperVariantFactory;.<clinit>()V> (0x0000000086b99558) 
thrown [s\src\hotspot\share\prims\jni.cpp, line 1144]
Event: 67.082 Thread 0x0000026416c4b4b0 Exception <a 'java/lang/NoSuchMethodError'{0x0000000086bb61d8}: static Lorg/jetbrains/kotlin/gradle/plugin/internal/DefaultConfigurationCacheStartParameterAccessorVariantFactory;.<clinit>()V> (0x0000000086bb61d8) 
thrown [s\src\hotspot\share\prims\jni.cpp, line 1144]
Event: 67.084 Thread 0x0000026416c4b4b0 Exception <a 'java/lang/NoSuchMethodError'{0x0000000086bd42f8}: static Lorg/jetbrains/kotlin/gradle/plugin/internal/MavenPluginConfigurator$DefaultMavenPluginConfiguratorVariantFactory;.<clinit>()V> (0x0000000086bd42f8) 
thrown [s\src\hotspot\share\prims\jni.cpp, line 1144]
Event: 67.086 Thread 0x0000026416c4b4b0 Exception <a 'java/lang/NoSuchMethodError'{0x0000000086bf1070}: static Lorg/jetbrains/kotlin/gradle/targets/js/nodejs/DefaultUnameExecutorVariantFactory;.<clinit>()V> (0x0000000086bf1070) 
thrown [s\src\hotspot\share\prims\jni.cpp, line 1144]
Event: 67.088 Thread 0x0000026416c4b4b0 Exception <a 'java/lang/NoSuchMethodError'{0x0000000086a0eb28}: static Lorg/jetbrains/kotlin/gradle/plugin/internal/DefaultBasePluginConfigurationVariantFactory;.<clinit>()V> (0x0000000086a0eb28) 
thrown [s\src\hotspot\share\prims\jni.cpp, line 1144]
Event: 67.089 Thread 0x0000026416c4b4b0 Exception <a 'java/lang/NoSuchMethodError'{0x0000000086a2c6c8}: static Lorg/jetbrains/kotlin/gradle/plugin/internal/DefaultAttributeConfigurationHelperVariantFactory;.<clinit>()V> (0x0000000086a2c6c8) 
thrown [s\src\hotspot\share\prims\jni.cpp, line 1144]
Event: 67.197 Thread 0x0000026416c4b4b0 Exception <a 'java/lang/IncompatibleClassChangeError'{0x000000008857b160}: Found class java.lang.Object, but interface was expected> (0x000000008857b160) 
thrown [s\src\hotspot\share\interpreter\linkResolver.cpp, line 851]

ZGC Phase Switch (0 events):
No events

VM Operations (20 events):
Event: 65.220 Executing VM operation: G1PauseRemark
Event: 65.226 Executing VM operation: G1PauseRemark done
Event: 65.282 Executing VM operation: G1PauseCleanup
Event: 65.282 Executing VM operation: G1PauseCleanup done
Event: 65.604 Executing VM operation: G1CollectForAllocation (G1 Evacuation Pause)
Event: 65.611 Executing VM operation: G1CollectForAllocation (G1 Evacuation Pause) done
Event: 66.226 Executing VM operation: G1CollectForAllocation (G1 Evacuation Pause)
Event: 66.235 Executing VM operation: G1CollectForAllocation (G1 Evacuation Pause) done
Event: 66.978 Executing VM operation: HandshakeAllThreads (Deoptimize)
Event: 66.978 Executing VM operation: HandshakeAllThreads (Deoptimize) done
Event: 67.122 Executing VM operation: G1CollectForAllocation (G1 Evacuation Pause)
Event: 67.127 Executing VM operation: G1CollectForAllocation (G1 Evacuation Pause) done
Event: 67.282 Executing VM operation: G1PauseRemark
Event: 67.290 Executing VM operation: G1PauseRemark done
Event: 67.352 Executing VM operation: G1PauseCleanup
Event: 67.353 Executing VM operation: G1PauseCleanup done
Event: 67.895 Executing VM operation: HandshakeAllThreads (Deoptimize)
Event: 67.895 Executing VM operation: HandshakeAllThreads (Deoptimize) done
Event: 68.142 Executing VM operation: G1CollectForAllocation (G1 Evacuation Pause)
Event: 68.150 Executing VM operation: G1CollectForAllocation (G1 Evacuation Pause) done

Memory protections (0 events):
No events

Nmethod flushes (20 events):
Event: 67.288 Thread 0x0000026411307660 flushing  nmethod 0x0000026400110610
Event: 67.288 Thread 0x0000026411307660 flushing  nmethod 0x0000026400128e10
Event: 67.288 Thread 0x0000026411307660 flushing  nmethod 0x0000026400163090
Event: 67.288 Thread 0x0000026411307660 flushing  nmethod 0x00000264001ec010
Event: 67.288 Thread 0x0000026411307660 flushing  nmethod 0x00000264002dff90
Event: 67.288 Thread 0x0000026411307660 flushing  nmethod 0x000002640032d890
Event: 67.288 Thread 0x0000026411307660 flushing  nmethod 0x0000026400357990
Event: 67.288 Thread 0x0000026411307660 flushing  nmethod 0x000002640039d210
Event: 67.288 Thread 0x0000026411307660 flushing  nmethod 0x000002640039e710
Event: 67.288 Thread 0x0000026411307660 flushing  nmethod 0x00000264003d5690
Event: 67.288 Thread 0x0000026411307660 flushing  nmethod 0x0000026400500710
Event: 67.288 Thread 0x0000026411307660 flushing  nmethod 0x0000026400508910
Event: 67.288 Thread 0x0000026411307660 flushing  nmethod 0x000002640053e890
Event: 67.288 Thread 0x0000026411307660 flushing  nmethod 0x0000026400542c90
Event: 67.288 Thread 0x0000026411307660 flushing  nmethod 0x00000264005cf510
Event: 67.288 Thread 0x0000026411307660 flushing  nmethod 0x0000026400762610
Event: 67.288 Thread 0x0000026411307660 flushing  nmethod 0x0000026400793710
Event: 67.288 Thread 0x0000026411307660 flushing  nmethod 0x000002640086a810
Event: 67.288 Thread 0x0000026411307660 flushing osr nmethod 0x00000264009de790
Event: 67.288 Thread 0x0000026411307660 flushing  nmethod 0x0000026400e41890

Events (20 events):
Event: 35.898 Thread 0x0000026416c4b4b0 Thread added: 0x0000026419ee89a0
Event: 36.024 Thread 0x0000026416c4b4b0 Thread added: 0x0000026419ee75f0
Event: 36.025 Thread 0x0000026416c4b4b0 Thread added: 0x0000026419ee9d50
Event: 36.025 Thread 0x0000026416c4b4b0 Thread added: 0x0000026419ee8310
Event: 36.484 Thread 0x0000026416c4b4b0 Thread added: 0x0000026419ee7c80
Event: 36.905 Thread 0x0000026416c4b4b0 Thread added: 0x0000026419ee6f60
Event: 36.907 Thread 0x0000026416c4b4b0 Thread added: 0x0000026419ee9030
Event: 36.908 Thread 0x0000026416c4b4b0 Thread added: 0x0000026419ee96c0
Event: 43.701 Thread 0x0000026416c4b4b0 Thread added: 0x000002641839add0
Event: 43.701 Thread 0x0000026416c4b4b0 Thread added: 0x000002641839fc90
Event: 43.701 Thread 0x0000026416c4b4b0 Thread added: 0x000002641839b460
Event: 43.891 Thread 0x0000026416c4b4b0 Thread added: 0x000002641839baf0
Event: 43.893 Thread 0x0000026416c4b4b0 Thread added: 0x000002641839c180
Event: 43.895 Thread 0x0000026416c4b4b0 Thread added: 0x000002641839e250
Event: 45.329 Thread 0x0000026416c4b4b0 Thread added: 0x00000264183a09b0
Event: 45.330 Thread 0x0000026416c4b4b0 Thread added: 0x000002641839a0b0
Event: 45.331 Thread 0x0000026416c4b4b0 Thread added: 0x00000264183a0320
Event: 63.553 Thread 0x0000026416c4b4b0 Thread added: 0x00000264182b8260
Event: 64.284 Thread 0x0000026416c4b4b0 Thread added: 0x00000264182bd7b0
Event: 67.670 Thread 0x0000026416c4b4b0 Thread added: 0x00000264182b7bd0


Dynamic libraries:
0x00007ff64ad60000 - 0x00007ff64ad6a000 	D:\Android Studio\jbr\bin\java.exe
0x00007ffb6f450000 - 0x00007ffb6f648000 	C:\WINDOWS\SYSTEM32\ntdll.dll
0x00007ffb6e6b0000 - 0x00007ffb6e772000 	C:\WINDOWS\System32\KERNEL32.DLL
0x00007ffb6ce40000 - 0x00007ffb6d136000 	C:\WINDOWS\System32\KERNELBASE.dll
0x00007ffb6d2f0000 - 0x00007ffb6d3f0000 	C:\WINDOWS\System32\ucrtbase.dll
0x00007ffb4fb90000 - 0x00007ffb4fba8000 	D:\Android Studio\jbr\bin\jli.dll
0x00007ffb6d480000 - 0x00007ffb6d621000 	C:\WINDOWS\System32\USER32.dll
0x00007ffb6d140000 - 0x00007ffb6d162000 	C:\WINDOWS\System32\win32u.dll
0x00007ffb6e3a0000 - 0x00007ffb6e3cb000 	C:\WINDOWS\System32\GDI32.dll
0x00007ffb6cae0000 - 0x00007ffb6cbf9000 	C:\WINDOWS\System32\gdi32full.dll
0x00007ffb6d170000 - 0x00007ffb6d20d000 	C:\WINDOWS\System32\msvcp_win.dll
0x00007ffb6be80000 - 0x00007ffb6c11b000 	C:\WINDOWS\WinSxS\amd64_microsoft.windows.common-controls_6595b64144ccf1df_6.0.19041.6456_none_60b8a6cb71f64256\COMCTL32.dll
0x00007ffb6e3d0000 - 0x00007ffb6e46e000 	C:\WINDOWS\System32\msvcrt.dll
0x00007ffb31f70000 - 0x00007ffb31f8b000 	D:\Android Studio\jbr\bin\VCRUNTIME140.dll
0x00007ffb6f370000 - 0x00007ffb6f39f000 	C:\WINDOWS\System32\IMM32.DLL
0x00007ffb535f0000 - 0x00007ffb535fc000 	D:\Android Studio\jbr\bin\vcruntime140_1.dll
0x00007ffb44110000 - 0x00007ffb4419d000 	D:\Android Studio\jbr\bin\msvcp140.dll
0x00007ffaceda0000 - 0x00007ffacfa36000 	D:\Android Studio\jbr\bin\server\jvm.dll
0x00007ffb6eee0000 - 0x00007ffb6ef91000 	C:\WINDOWS\System32\ADVAPI32.dll
0x00007ffb6f190000 - 0x00007ffb6f22f000 	C:\WINDOWS\System32\sechost.dll
0x00007ffb6e530000 - 0x00007ffb6e650000 	C:\WINDOWS\System32\RPCRT4.dll
0x00007ffb6d210000 - 0x00007ffb6d237000 	C:\WINDOWS\System32\bcrypt.dll
0x00007ffb6f3a0000 - 0x00007ffb6f40b000 	C:\WINDOWS\System32\WS2_32.dll
0x00007ffb6c6d0000 - 0x00007ffb6c71b000 	C:\WINDOWS\SYSTEM32\POWRPROF.dll
0x00007ffb59da0000 - 0x00007ffb59dc7000 	C:\WINDOWS\SYSTEM32\WINMM.dll
0x00007ffb62880000 - 0x00007ffb6288a000 	C:\WINDOWS\SYSTEM32\VERSION.dll
0x00007ffb6c120000 - 0x00007ffb6c132000 	C:\WINDOWS\SYSTEM32\UMPDC.dll
0x00007ffb6ac50000 - 0x00007ffb6ac62000 	C:\WINDOWS\SYSTEM32\kernel.appcore.dll
0x00007ffb31ca0000 - 0x00007ffb31caa000 	D:\Android Studio\jbr\bin\jimage.dll
0x00007ffb6c4c0000 - 0x00007ffb6c6c1000 	C:\WINDOWS\SYSTEM32\DBGHELP.DLL
0x00007ffb6c250000 - 0x00007ffb6c284000 	C:\WINDOWS\SYSTEM32\dbgcore.DLL
0x00007ffb6cdb0000 - 0x00007ffb6ce32000 	C:\WINDOWS\System32\bcryptPrimitives.dll
0x00007ffb56b30000 - 0x00007ffb56b3e000 	D:\Android Studio\jbr\bin\instrument.dll
0x00007ffb31c80000 - 0x00007ffb31ca0000 	D:\Android Studio\jbr\bin\java.dll
0x00007ffb31cd0000 - 0x00007ffb31ce8000 	D:\Android Studio\jbr\bin\zip.dll
0x00007ffb6db40000 - 0x00007ffb6e2b0000 	C:\WINDOWS\System32\SHELL32.dll
0x00007ffb6a350000 - 0x00007ffb6aaf5000 	C:\WINDOWS\SYSTEM32\windows.storage.dll
0x00007ffb6d7e0000 - 0x00007ffb6db34000 	C:\WINDOWS\System32\combase.dll
0x00007ffb6bde0000 - 0x00007ffb6be0b000 	C:\WINDOWS\SYSTEM32\Wldp.dll
0x00007ffb6e2d0000 - 0x00007ffb6e39d000 	C:\WINDOWS\System32\OLEAUT32.dll
0x00007ffb6e8b0000 - 0x00007ffb6e95d000 	C:\WINDOWS\System32\SHCORE.dll
0x00007ffb6e4d0000 - 0x00007ffb6e52b000 	C:\WINDOWS\System32\shlwapi.dll
0x00007ffb6ca10000 - 0x00007ffb6ca34000 	C:\WINDOWS\SYSTEM32\profapi.dll
0x00007ffb31cc0000 - 0x00007ffb31cd0000 	D:\Android Studio\jbr\bin\net.dll
0x00007ffb61cf0000 - 0x00007ffb61dfa000 	C:\WINDOWS\SYSTEM32\WINHTTP.dll
0x00007ffb6bac0000 - 0x00007ffb6bb2a000 	C:\WINDOWS\system32\mswsock.dll
0x00007ffaceb40000 - 0x00007ffaceb56000 	D:\Android Studio\jbr\bin\nio.dll
0x00007ffb54e90000 - 0x00007ffb54ea0000 	D:\Android Studio\jbr\bin\verify.dll
0x00007ffb60650000 - 0x00007ffb60677000 	C:\Users\NOTEBOOK\.gradle\native\1def1411415f61bf3af743bc5b6707747c0891f09f0c88961ee8f79bc544acac\windows-amd64\native-platform.dll
0x00007ffb42ed0000 - 0x00007ffb42f48000 	C:\Users\NOTEBOOK\.gradle\native\0.2.7\x86_64-windows-gnu\gradle-fileevents.dll
0x00007ffacd7e0000 - 0x00007ffacd7e9000 	D:\Android Studio\jbr\bin\management.dll
0x00007ffacd7d0000 - 0x00007ffacd7db000 	D:\Android Studio\jbr\bin\management_ext.dll
0x00007ffb6e2c0000 - 0x00007ffb6e2c8000 	C:\WINDOWS\System32\PSAPI.DLL
0x00007ffb6b820000 - 0x00007ffb6b85b000 	C:\WINDOWS\SYSTEM32\IPHLPAPI.DLL
0x00007ffb6e2b0000 - 0x00007ffb6e2b8000 	C:\WINDOWS\System32\NSI.dll
0x00007ffb31c70000 - 0x00007ffb31c79000 	D:\Android Studio\jbr\bin\extnet.dll
0x00007ffb6c850000 - 0x00007ffb6c868000 	C:\WINDOWS\SYSTEM32\CRYPTSP.dll
0x00007ffb6b450000 - 0x00007ffb6b488000 	C:\WINDOWS\system32\rsaenh.dll
0x00007ffb6c990000 - 0x00007ffb6c9be000 	C:\WINDOWS\SYSTEM32\USERENV.dll
0x00007ffb6bdd0000 - 0x00007ffb6bddc000 	C:\WINDOWS\SYSTEM32\CRYPTBASE.dll
0x00007ffad3420000 - 0x00007ffad3427000 	C:\WINDOWS\system32\wshunix.dll

JVMTI agents:
C:\Users\NOTEBOOK\.gradle\wrapper\dists\gradle-8.13-bin\5xuhj0ry160q40clulazy9h7d\gradle-8.13\lib\agents\gradle-instrumentation-agent-8.13.jar path:D:\Android Studio\jbr\bin\instrument.dll, loaded, initialized, instrumentlib options:none

dbghelp: loaded successfully - version: 4.0.5 - missing functions: none
symbol engine: initialized successfully - sym options: 0x614 - pdb path: .;D:\Android Studio\jbr\bin;C:\WINDOWS\SYSTEM32;C:\WINDOWS\WinSxS\amd64_microsoft.windows.common-controls_6595b64144ccf1df_6.0.19041.6456_none_60b8a6cb71f64256;D:\Android Studio\jbr\bin\server;C:\Users\NOTEBOOK\.gradle\native\1def1411415f61bf3af743bc5b6707747c0891f09f0c88961ee8f79bc544acac\windows-amd64;C:\Users\NOTEBOOK\.gradle\native\0.2.7\x86_64-windows-gnu

VM Arguments:
jvm_args: --add-opens=java.base/java.lang=ALL-UNNAMED --add-opens=java.base/java.lang.invoke=ALL-UNNAMED --add-opens=java.base/java.util=ALL-UNNAMED --add-opens=java.prefs/java.util.prefs=ALL-UNNAMED --add-exports=jdk.compiler/com.sun.tools.javac.api=ALL-UNNAMED --add-exports=jdk.compiler/com.sun.tools.javac.util=ALL-UNNAMED --add-opens=java.base/java.util=ALL-UNNAMED --add-opens=java.prefs/java.util.prefs=ALL-UNNAMED --add-opens=java.base/java.nio.charset=ALL-UNNAMED --add-opens=java.base/java.net=ALL-UNNAMED --add-opens=java.base/java.util.concurrent.atomic=ALL-UNNAMED --add-opens=java.xml/javax.xml.namespace=ALL-UNNAMED -Xmx2048m -Dfile.encoding=UTF-8 -Duser.country=US -Duser.language=en -Duser.variant -javaagent:C:\Users\NOTEBOOK\.gradle\wrapper\dists\gradle-8.13-bin\5xuhj0ry160q40clulazy9h7d\gradle-8.13\lib\agents\gradle-instrumentation-agent-8.13.jar 
java_command: org.gradle.launcher.daemon.bootstrap.GradleDaemon 8.13
java_class_path (initial): C:\Users\NOTEBOOK\.gradle\wrapper\dists\gradle-8.13-bin\5xuhj0ry160q40clulazy9h7d\gradle-8.13\lib\gradle-daemon-main-8.13.jar
Launcher Type: SUN_STANDARD

[Global flags]
     intx CICompilerCount                          = 3                                         {product} {ergonomic}
     uint ConcGCThreads                            = 1                                         {product} {ergonomic}
     uint G1ConcRefinementThreads                  = 4                                         {product} {ergonomic}
   size_t G1HeapRegionSize                         = 1048576                                   {product} {ergonomic}
    uintx GCDrainStackTargetSize                   = 64                                        {product} {ergonomic}
   size_t InitialHeapSize                          = 134217728                                 {product} {ergonomic}
   size_t MarkStackSize                            = 4194304                                   {product} {ergonomic}
   size_t MaxHeapSize                              = 2147483648                                {product} {command line}
   size_t MaxNewSize                               = 1287651328                                {product} {ergonomic}
   size_t MinHeapDeltaBytes                        = 1048576                                   {product} {ergonomic}
   size_t MinHeapSize                              = 8388608                                   {product} {ergonomic}
    uintx NonNMethodCodeHeapSize                   = 5832780                                {pd product} {ergonomic}
    uintx NonProfiledCodeHeapSize                  = 122912730                              {pd product} {ergonomic}
    uintx ProfiledCodeHeapSize                     = 122912730                              {pd product} {ergonomic}
    uintx ReservedCodeCacheSize                    = 251658240                              {pd product} {ergonomic}
     bool SegmentedCodeCache                       = true                                      {product} {ergonomic}
   size_t SoftMaxHeapSize                          = 2147483648                             {manageable} {ergonomic}
     bool UseCompressedOops                        = true                           {product lp64_product} {ergonomic}
     bool UseG1GC                                  = true                                      {product} {ergonomic}
     bool UseLargePagesIndividualAllocation        = false                                  {pd product} {ergonomic}

Logging:
Log output configuration:
 #0: stdout all=warning uptime,level,tags foldmultilines=false
 #1: stderr all=off uptime,level,tags foldmultilines=false

Environment Variables:
PATH=C:\Program Files (x86)\Common Files\Oracle\Java\java8path;C:\Program Files (x86)\Common Files\Oracle\Java\javapath;C:\Program Files (x86)\Intel\iCLS Client\;C:\Program Files\Intel\iCLS Client\;C:\Windows\system32;C:\Windows;C:\Windows\System32\Wbem;C:\Windows\System32\WindowsPowerShell\v1.0\;C:\Program Files (x86)\Intel\Intel(R) Management Engine Components\DAL;C:\Program Files\Intel\Intel(R) Management Engine Components\DAL;C:\Program Files (x86)\Intel\Intel(R) Management Engine Components\IPT;C:\Program Files\Intel\Intel(R) Management Engine Components\IPT;C:\Program Files (x86)\NVIDIA Corporation\PhysX\Common;C:\WINDOWS\system32;C:\WINDOWS;C:\WINDOWS\System32\Wbem;C:\WINDOWS\System32\WindowsPowerShell\v1.0\;C:\WINDOWS\System32\OpenSSH\;C:\Program Files\dotnet\;C:\xampp\php;C:\Users\NOTEBOOK\AppData\Local\Microsoft\WindowsApps;C:\Users\NOTEBOOK\AppData\Local\Programs\Microsoft VS Code\bin
USERNAME=NOTEBOOK
OS=Windows_NT
PROCESSOR_IDENTIFIER=Intel64 Family 6 Model 142 Stepping 9, GenuineIntel
TMP=C:\Users\NOTEBOOK\AppData\Local\Temp
TEMP=C:\Users\NOTEBOOK\AppData\Local\Temp




Periodic native trim disabled

JNI global refs:
JNI global refs: 27, weak refs: 0

JNI global refs memory usage: 835, weak refs: 833

Process memory usage:
Resident Set Size: 389636K (4% of 8266272K total physical memory with 251948K free physical memory)

OOME stack traces (most recent first):
Classloader memory used:
Loader org.gradle.internal.classloader.VisitableURLClassLoader                         : 39808K
Loader bootstrap                                                                       : 27435K
Loader org.gradle.internal.classloader.VisitableURLClassLoader$InstrumentingVisitableURLClassLoader: 13336K
Loader org.gradle.initialization.MixInLegacyTypesClassLoader                           : 11948K
Loader jdk.internal.loader.ClassLoaders$PlatformClassLoader                            : 501K
Loader jdk.internal.reflect.DelegatingClassLoader                                      : 250K
Loader jdk.internal.loader.ClassLoaders$AppClassLoader                                 : 235K
Loader org.gradle.internal.classloader.VisitableURLClassLoader                         : 159K
Loader org.gradle.groovy.scripts.internal.DefaultScriptCompilationHandler$ScriptClassLoader: 122K
Loader org.codehaus.groovy.runtime.callsite.CallSiteClassLoader                        : 17200B

Classes loaded by more than one classloader:
Class Program                                                                         : loaded 4 times (x 74B)
Class com.google.common.base.Equivalence$Identity                                     : loaded 2 times (x 82B)
Class com.google.common.collect.RegularImmutableMap$KeySet                            : loaded 2 times (x 152B)
Class org.gradle.internal.classloader.FilteringClassLoader                            : loaded 2 times (x 105B)
Class com.google.common.base.CharMatcher$IsEither                                     : loaded 2 times (x 111B)
Class ijJvmDebugger1_qlzqjlnis5tlqp5tzexgxb5m$_run_closure1$_closure2                 : loaded 2 times (x 140B)
Class org.gradle.internal.classloader.ClassLoaderHierarchy                            : loaded 2 times (x 70B)
Class com.google.common.collect.ImmutableEnumSet                                      : loaded 2 times (x 146B)
Class com.google.common.util.concurrent.ExecutionError                                : loaded 2 times (x 82B)
Class com.google.common.collect.ImmutableList$1                                       : loaded 2 times (x 97B)
Class ijKotlinCoroutineJvmDebugInit1_9wiwewyo1yunnbtakfchhip8d$_run_closure1$_closure2: loaded 2 times (x 139B)
Class org.gradle.api.internal.classpath.ManifestUtil                                  : loaded 2 times (x 71B)
Class com.google.common.collect.RegularImmutableMap                                   : loaded 2 times (x 121B)
Class com.google.common.collect.ImmutableMap$MapViewOfValuesAsSingletonSets           : loaded 2 times (x 126B)
Class [Lorg.objectweb.asm.Symbol;                                                     : loaded 2 times (x 69B)
Class org.objectweb.asm.ClassVisitor                                                  : loaded 2 times (x 88B)
Class com.google.common.collect.UnmodifiableListIterator                              : loaded 2 times (x 95B)
Class org.objectweb.asm.MethodTooLargeException                                       : loaded 2 times (x 83B)
Class [Lcom.google.common.cache.CacheBuilder$OneWeigher;                              : loaded 2 times (x 69B)
Class com.google.common.base.Suppliers                                                : loaded 2 times (x 71B)
Class org.gradle.internal.classloader.DefaultClassLoaderFactory                       : loaded 2 times (x 82B)
Class org.gradle.internal.classloader.ClassLoaderVisitor                              : loaded 2 times (x 76B)
Class [Lcom.google.common.collect.ImmutableMapEntry;                                  : loaded 2 times (x 69B)
Class org.gradle.api.internal.classpath.EffectiveClassPath                            : loaded 2 times (x 90B)
Class com.google.common.collect.ListMultimap                                          : loaded 2 times (x 70B)
Class com.google.common.collect.ImmutableEnumMap                                      : loaded 2 times (x 126B)
Class com.google.common.collect.Sets$1                                                : loaded 2 times (x 139B)
Class org.objectweb.asm.AnnotationVisitor                                             : loaded 2 times (x 78B)
Class org.gradle.api.internal.DefaultClassPathProvider                                : loaded 2 times (x 76B)
Class com.google.common.collect.Sets$2                                                : loaded 2 times (x 139B)
Class [Lorg.gradle.api.internal.ClassPathProvider;                                    : loaded 2 times (x 69B)
Class org.gradle.api.internal.ClassPathProvider                                       : loaded 2 times (x 70B)
Class com.google.common.collect.Sets$3                                                : loaded 2 times (x 139B)
Class com.google.common.util.concurrent.AbstractFuture$SafeAtomicHelper               : loaded 2 times (x 79B)
Class com.google.common.cache.LocalCache$LocalLoadingCache                            : loaded 2 times (x 134B)
Class org.gradle.internal.service.UnknownServiceException                             : loaded 2 times (x 83B)
Class com.google.common.collect.Sets$4                                                : loaded 2 times (x 139B)
Class org.objectweb.asm.ModuleVisitor                                                 : loaded 2 times (x 81B)
Class com.google.common.cache.LocalCache$Strength$1                                   : loaded 2 times (x 81B)
Class com.google.common.util.concurrent.SettableFuture                                : loaded 2 times (x 114B)
Class com.google.common.cache.LocalCache$Strength$2                                   : loaded 2 times (x 81B)
Class com.google.common.cache.LocalCache$Strength$3                                   : loaded 2 times (x 81B)
Class com.google.common.collect.MapDifference                                         : loaded 2 times (x 70B)
Class org.objectweb.asm.FieldWriter                                                   : loaded 2 times (x 78B)
Class com.google.common.cache.CacheBuilder$NullListener                               : loaded 2 times (x 82B)
Class org.gradle.internal.classpath.TransformedClassPath                              : loaded 2 times (x 96B)
Class org.gradle.internal.classloader.InstrumentingClassLoader                        : loaded 2 times (x 70B)
Class com.google.common.cache.CacheLoader$FunctionToCacheLoader                       : loaded 2 times (x 75B)
Class com.google.common.collect.Iterators$ArrayItr                                    : loaded 2 times (x 97B)
Class com.google.common.collect.ImmutableCollection$Builder                           : loaded 2 times (x 76B)
Class com.google.common.base.Joiner                                                   : loaded 2 times (x 79B)
Class com.google.common.base.MoreObjects                                              : loaded 2 times (x 71B)
Class com.google.common.collect.Platform                                              : loaded 2 times (x 71B)
Class [Lorg.objectweb.asm.Type;                                                       : loaded 2 times (x 69B)
Class com.google.common.collect.UnmodifiableIterator                                  : loaded 2 times (x 80B)
Class org.gradle.internal.service.ServiceLocator                                      : loaded 2 times (x 70B)
Class com.google.common.base.Ascii                                                    : loaded 2 times (x 71B)
Class com.google.common.collect.SingletonImmutableBiMap                               : loaded 2 times (x 143B)
Class com.google.common.cache.LocalCache$1                                            : loaded 2 times (x 89B)
Class com.google.common.collect.AbstractMapEntry                                      : loaded 2 times (x 81B)
Class com.google.common.collect.AbstractMultimap                                      : loaded 2 times (x 123B)
Class com.google.common.cache.LocalCache$2                                            : loaded 2 times (x 142B)
Class com.google.common.util.concurrent.AbstractFuture$UnsafeAtomicHelper$1           : loaded 2 times (x 76B)
Class com.google.common.collect.RegularImmutableAsList                                : loaded 2 times (x 217B)
Class com.google.common.util.concurrent.AbstractFuture$Trusted                        : loaded 2 times (x 70B)
Class com.google.common.collect.Iterators                                             : loaded 2 times (x 71B)
Class com.google.common.collect.Lists$StringAsImmutableList                           : loaded 2 times (x 207B)
Class com.google.common.util.concurrent.UncheckedExecutionException                   : loaded 2 times (x 82B)
Class org.gradle.kotlin.dsl.VersionCatalogAccessorsKt                                 : loaded 2 times (x 71B)
Class ijJvmDebugger1_qlzqjlnis5tlqp5tzexgxb5m$_run_closure1                           : loaded 2 times (x 139B)
Class org.gradle.internal.InternalTransformer                                         : loaded 2 times (x 70B)
Class org.objectweb.asm.ClassWriter                                                   : loaded 2 times (x 106B)
Class com.google.common.cache.CacheLoader$UnsupportedLoadingOperationException        : loaded 2 times (x 82B)
Class com.google.common.base.CharMatcher$And                                          : loaded 2 times (x 112B)
Class org.gradle.internal.classloader.ClasspathUtil$1                                 : loaded 2 times (x 76B)
Class org.objectweb.asm.FieldVisitor                                                  : loaded 2 times (x 77B)
Class com.google.common.collect.IndexedImmutableSet                                   : loaded 2 times (x 152B)
Class com.google.common.collect.ImmutableMap$1                                        : loaded 2 times (x 81B)
Class com.google.common.collect.BiMap                                                 : loaded 2 times (x 70B)
Class org.gradle.api.internal.classpath.DefaultModuleRegistry$DefaultModule           : loaded 2 times (x 86B)
Class com.google.common.primitives.Ints                                               : loaded 2 times (x 71B)
Class com.google.common.collect.AbstractIterator                                      : loaded 2 times (x 82B)
Class com.google.common.collect.ObjectArrays                                          : loaded 2 times (x 71B)
Class com.google.common.collect.Multiset                                              : loaded 2 times (x 70B)
Class com.google.common.collect.ArrayListMultimapGwtSerializationDependencies         : loaded 2 times (x 172B)
Class com.google.common.collect.AbstractIndexedListIterator                           : loaded 2 times (x 96B)
Class com.google.common.math.MathPreconditions                                        : loaded 2 times (x 71B)
Class com.google.common.collect.ImmutableMapEntrySet                                  : loaded 2 times (x 152B)
Class org.gradle.api.internal.classpath.Module                                        : loaded 2 times (x 70B)
Class com.google.common.cache.Weigher                                                 : loaded 2 times (x 70B)
Class org.gradle.api.internal.classpath.UnknownModuleException                        : loaded 2 times (x 82B)
Class com.google.common.base.Stopwatch                                                : loaded 2 times (x 72B)
Class com.google.common.cache.LocalCache$Strength                                     : loaded 2 times (x 81B)
Class com.google.common.cache.Cache                                                   : loaded 2 times (x 70B)
Class com.google.common.util.concurrent.AbstractFuture$Cancellation                   : loaded 2 times (x 72B)
Class com.google.common.collect.ImmutableMap$Builder                                  : loaded 2 times (x 82B)
Class com.google.common.cache.RemovalListener                                         : loaded 2 times (x 70B)
Class org.gradle.api.internal.DefaultClassPathRegistry                                : loaded 2 times (x 76B)
Class com.google.common.primitives.IntsMethodsForWeb                                  : loaded 2 times (x 71B)
Class com.google.common.collect.Multimap                                              : loaded 2 times (x 70B)
Class ijJvmDebugger1_qlzqjlnis5tlqp5tzexgxb5m                                         : loaded 2 times (x 179B)
Class org.gradle.api.internal.ClassPathRegistry                                       : loaded 2 times (x 70B)
Class org.gradle.internal.classpath.DefaultClassPath$ImmutableUniqueList              : loaded 2 times (x 199B)
Class com.google.common.cache.CacheBuilder                                            : loaded 2 times (x 72B)
Class com.google.common.collect.SingletonImmutableList                                : loaded 2 times (x 207B)
Class com.google.common.base.PairwiseEquivalence                                      : loaded 2 times (x 83B)
Class Settings_gradle$1                                                               : loaded 2 times (x 74B)
Class org.gradle.internal.classpath.ClassPath                                         : loaded 2 times (x 70B)
Class org.gradle.api.UncheckedIOException                                             : loaded 2 times (x 82B)
Class com.google.common.collect.ImmutableList$ReverseImmutableList                    : loaded 2 times (x 209B)
Class org.objectweb.asm.SymbolTable$Entry                                             : loaded 2 times (x 74B)
Class com.google.common.util.concurrent.AbstractFuture$AtomicHelper                   : loaded 2 times (x 78B)
Class org.objectweb.asm.Edge                                                          : loaded 2 times (x 72B)
Class com.google.common.base.Suppliers$SupplierOfInstance                             : loaded 2 times (x 79B)
Class com.google.common.collect.Iterators$1                                           : loaded 2 times (x 81B)
Class com.google.common.cache.LocalCache$ComputingValueReference                      : loaded 2 times (x 96B)
Class com.google.common.collect.SingletonImmutableSet                                 : loaded 2 times (x 146B)
Class com.google.common.collect.ImmutableMap$IteratorBasedImmutableMap                : loaded 2 times (x 126B)
Class com.google.common.cache.LocalCache$Segment                                      : loaded 2 times (x 154B)
Class com.google.common.collect.AbstractListMultimap                                  : loaded 2 times (x 172B)
Class [Lorg.objectweb.asm.SymbolTable$Entry;                                          : loaded 2 times (x 69B)
Class com.google.common.cache.CacheLoader                                             : loaded 2 times (x 74B)
Class com.google.common.collect.Iterators$4                                           : loaded 2 times (x 82B)
Class com.google.common.collect.ImmutableBiMap                                        : loaded 2 times (x 143B)
Class org.gradle.internal.installation.GradleInstallation$1                           : loaded 2 times (x 75B)
Class org.gradle.api.internal.classpath.ModuleRegistry                                : loaded 2 times (x 70B)
Class com.google.common.util.concurrent.internal.InternalFutureFailureAccess          : loaded 2 times (x 72B)
Class com.google.common.collect.Iterators$5                                           : loaded 2 times (x 82B)
Class com.google.common.collect.ImmutableSet$JdkBackedSetBuilderImpl                  : loaded 2 times (x 76B)
Class com.google.common.util.concurrent.AbstractFuture$UnsafeAtomicHelper             : loaded 2 times (x 78B)
Class com.google.common.cache.LocalCache$LocalManualCache$1                           : loaded 2 times (x 75B)
Class com.google.common.base.CharMatcher$ForPredicate                                 : loaded 2 times (x 112B)
Class com.google.common.base.CharMatcher$AnyOf                                        : loaded 2 times (x 112B)
Class com.google.common.collect.ImmutableCollection                                   : loaded 2 times (x 125B)
Class org.gradle.api.internal.classpath.DefaultModuleRegistry                         : loaded 2 times (x 86B)
Class com.google.common.collect.Lists                                                 : loaded 2 times (x 71B)
Class com.google.common.util.concurrent.ListenableFuture                              : loaded 2 times (x 70B)
Class com.google.common.cache.ReferenceEntry                                          : loaded 2 times (x 70B)
Class com.google.common.base.Converter                                                : loaded 2 times (x 90B)
Class com.google.common.collect.ImmutableSet$CachingAsList                            : loaded 2 times (x 148B)
Class com.google.common.collect.AbstractMapBasedMultimap                              : loaded 2 times (x 139B)
Class com.google.common.util.concurrent.AbstractFuture                                : loaded 2 times (x 106B)
Class com.google.common.base.FunctionalEquivalence                                    : loaded 2 times (x 83B)
Class com.google.common.collect.Iterators$9                                           : loaded 2 times (x 81B)
Class com.google.common.collect.ImmutableAsList                                       : loaded 2 times (x 209B)
Class org.objectweb.asm.RecordComponentVisitor                                        : loaded 2 times (x 77B)
Class com.google.common.cache.CacheLoader$SupplierToCacheLoader                       : loaded 2 times (x 75B)
Class com.google.common.collect.Maps$EntryTransformer                                 : loaded 2 times (x 70B)
Class org.gradle.internal.service.ServiceLookupException                              : loaded 2 times (x 82B)
Class [Lcom.google.common.cache.LocalCache$EntryFactory;                              : loaded 2 times (x 69B)
Class org.gradle.internal.classloader.ClassLoaderFactory                              : loaded 2 times (x 70B)
Class com.google.common.cache.LocalCache$LocalManualCache                             : loaded 2 times (x 99B)
Class com.google.common.base.CharMatcher$IsNot                                        : loaded 2 times (x 111B)
Class org.gradle.internal.service.CachingServiceLocator                               : loaded 2 times (x 82B)
Class com.google.common.math.IntMath                                                  : loaded 2 times (x 71B)
Class com.google.common.collect.ImmutableMapEntry                                     : loaded 2 times (x 85B)
Class com.google.common.base.Equivalence                                              : loaded 2 times (x 82B)
Class com.google.common.base.Function                                                 : loaded 2 times (x 70B)
Class com.google.common.collect.ImmutableMapEntry$NonTerminalImmutableMapEntry        : loaded 2 times (x 85B)
Class com.google.common.cache.CacheBuilder$OneWeigher                                 : loaded 2 times (x 82B)
Class com.google.common.collect.RegularImmutableList                                  : loaded 2 times (x 213B)
Class org.gradle.internal.classloader.ClasspathUtil                                   : loaded 2 times (x 71B)
Class com.google.common.base.Charsets                                                 : loaded 2 times (x 71B)
Class com.google.common.util.concurrent.Uninterruptibles                              : loaded 2 times (x 71B)
Class com.google.common.collect.Maps                                                  : loaded 2 times (x 71B)
Class org.gradle.api.specs.Spec                                                       : loaded 2 times (x 70B)
Class [Lcom.google.common.collect.ImmutableEntry;                                     : loaded 2 times (x 69B)
Class com.google.common.cache.LocalCache$LoadingValueReference                        : loaded 2 times (x 96B)
Class ijKotlinCoroutineJvmDebugInit1_9wiwewyo1yunnbtakfchhip8d$_run_closure1          : loaded 2 times (x 139B)
Class Build_gradle$1                                                                  : loaded 2 times (x 78B)
Class com.google.common.collect.Maps$8                                                : loaded 2 times (x 82B)
Class com.google.common.collect.Sets$SetView                                          : loaded 2 times (x 138B)
Class com.google.common.cache.LocalCache$StrongValueReference                         : loaded 2 times (x 90B)
Class com.google.common.util.concurrent.AbstractFuture$SynchronizedHelper             : loaded 2 times (x 78B)
Class org.objectweb.asm.Type                                                          : loaded 2 times (x 72B)
Class org.gradle.internal.classloader.VisitableURLClassLoader$InstrumentingVisitableURLClassLoader: loaded 2 times (x 123B)
Class org.objectweb.asm.ByteVector                                                    : loaded 2 times (x 79B)
Class [Lcom.google.common.cache.CacheBuilder$NullListener;                            : loaded 2 times (x 69B)
Class com.google.common.math.IntMath$1                                                : loaded 2 times (x 71B)
Class org.gradle.internal.classloader.VisitableURLClassLoader$Spec                    : loaded 2 times (x 74B)
Class org.gradle.internal.classpath.DefaultClassPath                                  : loaded 2 times (x 90B)
Class org.objectweb.asm.Symbol                                                        : loaded 2 times (x 73B)
Class com.google.common.base.CharMatcher$Ascii                                        : loaded 2 times (x 112B)
Class com.google.common.base.CharMatcher$BitSetMatcher                                : loaded 2 times (x 112B)
Class com.google.common.collect.RegularImmutableMap$Values                            : loaded 2 times (x 207B)
Class com.google.common.collect.ImmutableSet                                          : loaded 2 times (x 145B)
Class org.gradle.internal.classloader.ClassLoaderSpec                                 : loaded 2 times (x 71B)
Class org.objectweb.asm.AnnotationWriter                                              : loaded 2 times (x 79B)
Class com.google.common.cache.CacheStats                                              : loaded 2 times (x 71B)
Class org.objectweb.asm.RecordComponentWriter                                         : loaded 2 times (x 78B)
Class com.google.common.util.concurrent.AbstractFuture$Listener                       : loaded 2 times (x 72B)
Class com.google.common.base.CharMatcher$Or                                           : loaded 2 times (x 112B)
Class Settings_gradle$1$1                                                             : loaded 2 times (x 74B)
Class org.objectweb.asm.Attribute                                                     : loaded 2 times (x 77B)
Class com.google.common.base.Supplier                                                 : loaded 2 times (x 70B)
Class org.gradle.internal.classloader.VisitableURLClassLoader                         : loaded 2 times (x 117B)
Class com.google.common.util.concurrent.AbstractFuture$Waiter                         : loaded 2 times (x 72B)
Class Settings_gradle                                                                 : loaded 2 times (x 128B)
Class org.gradle.internal.Cast                                                        : loaded 2 times (x 71B)
Class org.gradle.api.Action                                                           : loaded 2 times (x 70B)
Class com.google.common.collect.Sets                                                  : loaded 2 times (x 71B)
Class org.objectweb.asm.Handler                                                       : loaded 2 times (x 72B)
Class com.google.common.base.Ticker                                                   : loaded 2 times (x 72B)
Class com.google.common.base.CharMatcher$FastMatcher                                  : loaded 2 times (x 111B)
Class [Lcom.google.common.cache.LocalCache$Segment;                                   : loaded 2 times (x 69B)
Class [Lcom.google.common.cache.LocalCache$Strength;                                  : loaded 2 times (x 69B)
Class com.google.common.cache.CacheBuilder$1                                          : loaded 2 times (x 85B)
Class com.google.common.base.Predicate                                                : loaded 2 times (x 70B)
Class com.google.common.collect.ImmutableMap                                          : loaded 2 times (x 120B)
Class org.gradle.internal.classpath.DefaultClassPath$ImmutableUniqueList$Builder      : loaded 2 times (x 75B)
Class com.google.common.cache.LocalCache                                              : loaded 2 times (x 187B)
Class com.google.common.cache.CacheBuilder$2                                          : loaded 2 times (x 79B)
Class com.google.common.base.CharMatcher$NegatedFastMatcher                           : loaded 2 times (x 113B)
Class com.google.common.collect.ArrayListMultimap                                     : loaded 2 times (x 172B)
Class com.google.common.cache.CacheBuilder$3                                          : loaded 2 times (x 72B)
Class [Lcom.google.common.collect.AbstractMapEntry;                                   : loaded 2 times (x 69B)
Class com.google.common.collect.ImmutableEntry                                        : loaded 2 times (x 82B)
Class org.gradle.api.GradleException                                                  : loaded 2 times (x 82B)
Class com.google.common.collect.CollectPreconditions                                  : loaded 2 times (x 71B)
Class com.google.common.collect.SortedMapDifference                                   : loaded 2 times (x 70B)
Class com.google.common.cache.LocalCache$EntryFactory                                 : loaded 2 times (x 83B)
Class com.google.common.cache.LocalCache$AbstractReferenceEntry                       : loaded 2 times (x 107B)
Class org.gradle.internal.IoActions                                                   : loaded 2 times (x 71B)
Class org.objectweb.asm.SymbolTable                                                   : loaded 2 times (x 72B)
Class com.google.common.cache.CacheLoader$InvalidCacheLoadException                   : loaded 2 times (x 82B)
Class com.google.common.collect.ImmutableSet$RegularSetBuilderImpl                    : loaded 2 times (x 77B)
Class org.gradle.internal.classloader.SystemClassLoaderSpec                           : loaded 2 times (x 71B)
Class com.google.common.cache.LocalCache$StrongEntry                                  : loaded 2 times (x 108B)
Class com.google.common.util.concurrent.AbstractFuture$TrustedFuture                  : loaded 2 times (x 114B)
Class com.google.common.cache.LoadingCache                                            : loaded 2 times (x 70B)
Class org.objectweb.asm.MethodWriter                                                  : loaded 2 times (x 106B)
Class [Lcom.google.common.cache.Weigher;                                              : loaded 2 times (x 69B)
Class com.google.common.collect.RegularImmutableMap$BucketOverflowException           : loaded 2 times (x 82B)
Class com.google.common.collect.RegularImmutableBiMap                                 : loaded 2 times (x 149B)
Class com.google.common.cache.LocalCache$ValueReference                               : loaded 2 times (x 70B)
Class com.google.common.base.CharMatcher$Negated                                      : loaded 2 times (x 113B)
Class com.google.common.base.CharMatcher$Is                                           : loaded 2 times (x 111B)
Class com.google.common.util.concurrent.AbstractFuture$Failure                        : loaded 2 times (x 72B)
Class com.google.common.base.Equivalence$Equals                                       : loaded 2 times (x 82B)
Class com.google.common.collect.Hashing                                               : loaded 2 times (x 71B)
Class com.google.common.base.Preconditions                                            : loaded 2 times (x 71B)
Class com.google.common.base.Joiner$1                                                 : loaded 2 times (x 80B)
Class org.objectweb.asm.Label                                                         : loaded 2 times (x 73B)
Class org.objectweb.asm.CurrentFrame                                                  : loaded 2 times (x 73B)
Class org.objectweb.asm.ClassTooLargeException                                        : loaded 2 times (x 83B)
Class com.google.common.base.CharMatcher                                              : loaded 2 times (x 111B)
Class com.google.common.collect.PeekingIterator                                       : loaded 2 times (x 70B)
Class com.google.common.base.Joiner$2                                                 : loaded 2 times (x 79B)
Class org.objectweb.asm.Frame                                                         : loaded 2 times (x 73B)
Class org.objectweb.asm.MethodVisitor                                                 : loaded 2 times (x 105B)
Class com.google.common.cache.LocalCache$EntryFactory$1                               : loaded 2 times (x 83B)
Class [Lcom.google.common.cache.RemovalListener;                                      : loaded 2 times (x 69B)
Class com.google.common.base.CharMatcher$NamedFastMatcher                             : loaded 2 times (x 112B)
Class com.google.common.base.CharMatcher$1                                            : loaded 2 times (x 113B)
Class com.google.common.cache.LocalCache$EntryFactory$2                               : loaded 2 times (x 83B)
Class org.gradle.api.internal.classpath.GlobalCacheRootsProvider                      : loaded 2 times (x 70B)
Class org.objectweb.asm.ModuleWriter                                                  : loaded 2 times (x 82B)
Class com.google.common.cache.LocalCache$EntryFactory$3                               : loaded 2 times (x 83B)
Class com.google.common.base.Ticker$1                                                 : loaded 2 times (x 72B)
Class com.google.common.collect.Maps$BiMapConverter                                   : loaded 2 times (x 90B)
Class com.google.common.collect.ImmutableMapEntrySet$RegularEntrySet                  : loaded 2 times (x 152B)
Class com.google.common.cache.LocalCache$EntryFactory$4                               : loaded 2 times (x 83B)
Class com.google.common.base.CharMatcher$InRange                                      : loaded 2 times (x 111B)
Class com.google.common.collect.ImmutableSet$Builder                                  : loaded 2 times (x 85B)
Class com.google.common.cache.LocalCache$EntryFactory$5                               : loaded 2 times (x 83B)
Class ijKotlinCoroutineJvmDebugInit1_9wiwewyo1yunnbtakfchhip8d                        : loaded 2 times (x 179B)
Class com.google.common.cache.LocalCache$EntryFactory$6                               : loaded 2 times (x 83B)
Class Build_gradle                                                                    : loaded 2 times (x 72B)
Class org.gradle.internal.installation.CurrentGradleInstallationLocator               : loaded 2 times (x 71B)
Class com.google.common.cache.LocalCache$EntryFactory$7                               : loaded 2 times (x 83B)
Class com.google.common.collect.ImmutableSet$EmptySetBuilderImpl                      : loaded 2 times (x 76B)
Class com.google.common.collect.ImmutableList                                         : loaded 2 times (x 206B)
Class org.gradle.internal.service.DefaultServiceLocator                               : loaded 2 times (x 83B)
Class com.google.common.cache.LocalCache$EntryFactory$8                               : loaded 2 times (x 83B)
Class com.google.common.collect.ImmutableSet$SetBuilderImpl                           : loaded 2 times (x 76B)
Class org.gradle.internal.installation.CurrentGradleInstallation                      : loaded 2 times (x 73B)
Class com.google.common.cache.CacheLoader$1                                           : loaded 2 times (x 75B)
Class com.google.common.collect.ImmutableList$SubList                                 : loaded 2 times (x 209B)
Class org.gradle.util.internal.GUtil                                                  : loaded 2 times (x 71B)
Class com.google.common.util.concurrent.AbstractFuture$SetFuture                      : loaded 2 times (x 75B)
Class com.google.common.cache.AbstractCache$StatsCounter                              : loaded 2 times (x 70B)
Class com.google.common.collect.Iterators$MergingIterator                             : loaded 2 times (x 81B)
Class com.google.common.collect.RegularImmutableSet                                   : loaded 2 times (x 149B)
Class org.gradle.internal.installation.GradleInstallation                             : loaded 2 times (x 75B)
Class com.google.common.collect.Iterables                                             : loaded 2 times (x 71B)

---------------  S Y S T E M  ---------------

OS:
 Windows 10 , 64 bit Build 19041 (10.0.19041.5915)
OS uptime: 1 days 10:03 hours

CPU: total 4 (initial active 4) (2 cores per cpu, 2 threads per core) family 6 model 142 stepping 9 microcode 0xb4, cx8, cmov, fxsr, ht, mmx, 3dnowpref, sse, sse2, sse3, ssse3, sse4.1, sse4.2, popcnt, lzcnt, tsc, tscinvbit, avx, avx2, aes, erms, clmul, bmi1, bmi2, adx, fma, vzeroupper, clflush, clflushopt, rdtscp, f16c
Processor Information for the first 4 processors :
  Max Mhz: 2904, Current Mhz: 2703, Mhz Limit: 2700

Memory: 4k page, system-wide physical 8072M (257M free)
TotalPageFile size 16680M (AvailPageFile size 1M)
current process WorkingSet (physical memory assigned to process): 380M, peak: 380M
current process commit charge ("private bytes"): 413M, peak: 415M

vm_info: OpenJDK 64-Bit Server VM (21.0.8+-14196175-b1038.72) for windows-amd64 JRE (21.0.8+-14196175-b1038.72), built on 2025-10-01T10:24:33Z by "builder" with MS VC++ 16.10 / 16.11 (VS2019)

END.
